GLATOS_ARRAY,OTN_ARRAY,STATION_NO,CONSECUTIVE_DEPLOY_NO,OTN_MISSION_ID,AR_CONFIRM,DATA_DOWNLOADED,INS_MODEL_NUMBER,INS_SERIAL_NUMBER,RECOVERED,RECOVER_DATE_TIME,GLATOS_RECOVER_DATE_TIME,GLATOS_TIMEZONE,RECOVER_LAT,RECOVER_LONG,GLATOS_PROJECT,GLATOS_VPS,COMMENTS,,,,,,,
BBA,,1,1,,,,,126961,Y,,2015-10-14 14:45,Eastern,,,ELOMA,No,,,,,,,,
BBA,,2,1,,,,,126966,Y,,2015-10-14 14:15,Eastern,,,ELOMA,No,,,,,,,,
BBA,,3,1,,,,,126963,Y,,2015-11-03 10:35,Eastern,,,ELOMA,No,,,,,,,,
BBG,,1,1,,,,,126990,Y,,2015-10-14 15:05,Eastern,,,ELOMA,No,,,,,,,,
BBG,,1,2,,,,,126991,Y,,2016-06-02 10:55,Eastern,,,ELOMA,No,,,,,,,,
BBG,,2,1,,,,,126998,Y,,2015-10-14 15:30,Eastern,,,ELOMA,No,,,,,,,,
BBG,,2,2,,,,,126984,Y,,2016-06-02 10:50,Eastern,,,ELOMA,No,,,,,,,,
CNW,,1,1,,,,,126978,Y,,2015-11-04 11:30,Eastern,,,ELOMA,No,,,,,,,,
CNW,,1,2,,,,,126957,Y,,2016-05-31 10:00,Eastern,,,ELOMA,No,,,,,,,,
CNW,,1,3,,,,,126975,Y,,2016-11-14 10:30,Eastern,,,ELOMA,No,,,,,,,,
CNW,,2,1,,,,,126977,Y,,2015-11-04 11:00,Eastern,,,ELOMA,No,,,,,,,,
CNW,,2,2,,,,,126965,Y,,2016-05-31 10:10,Eastern,,,ELOMA,No,,,,,,,,
CNW,,2,3,,,,,126956,Y,,2016-11-14 10:20,Eastern,,,ELOMA,No,,,,,,,,
CNW,,3,1,,,,,126962,Y,,2015-11-04 10:30,Eastern,,,ELOMA,No,,,,,,,,
CNW,,3,2,,,,,126964,Y,,2016-05-31 10:20,Eastern,,,ELOMA,No,,,,,,,,
CNW,,3,3,,,,,126968,Y,,2016-11-14 10:10,Eastern,,,ELOMA,No,,,,,,,,
CNW,,4,1,,,,,126979,Y,,2015-11-04 10:00,Eastern,,,ELOMA,No,,,,,,,,
CNW,,4,2,,,,,126986,Y,,2016-05-31 10:30,Eastern,,,ELOMA,No,,,,,,,,
CNW,,4,3,,,,,126977,Y,,2016-11-14 10:00,Eastern,,,ELOMA,No,,,,,,,,
DBG,,1,1,,,,,126986,Y,,2015-11-02 01:30,Eastern,,,ELOMA,No,,,,,,,,
DBG,,1,2,,,,,126992,Y,,2016-06-01 11:56,Eastern,,,ELOMA,No,,,,,,,,
DBG,,1,3,,,,,126986,Y,,2016-11-17 11:00,Eastern,,,ELOMA,No,,,,,,,,
GNR,,1,1,,,,,126989,Y,,2015-11-02 10:00,Eastern,,,ELOMA,No,,,,,,,,
GNR,,1,2,,,,,126990,Y,,2016-05-31 13:18,Eastern,,,ELOMA,No,,,,,,,,
GNR,,1,3,,,,,126967,Y,,2016-11-14 11:12,Eastern,,,ELOMA,No,,,,,,,,
GNR,,2,1,,,,,126964,Y,,2015-11-02 10:00,Eastern,,,ELOMA,No,,,,,,,,
GNR,,2,2,,,,,126961,Y,,2016-05-31 13:30,Eastern,,,ELOMA,No,,,,,,,,
GNR,,2,3,,,,,126971,Y,,2016-11-14 11:44,Eastern,,,ELOMA,No,,,,,,,,
HBY,,3,1,,,,,126965,Y,,2015-11-02 12:00,Eastern,,,ELOMA,No,,,,,,,,
HBY,,3,2,,,,,126974,Y,,2016-11-25 11:20,Eastern,,,ELOMA,No,,,,,,,,
HOW,,1,1,,,,,126976,Y,,2016-11-18 10:20,Eastern,,,ELOMA,No,,,,,,,,
HOW,,2,1,,,,,126998,Y,,2016-11-18 10:30,Eastern,,,ELOMA,No,,,,,,,,
IAM,,1,1,,,,,126995,Y,,2015-11-15 14:20,Eastern,,,ELOMA,No,,,,,,,,
IAM,,1,2,,,,,126968,Y,,2016-05-30 12:09,Eastern,,,ELOMA,No,,,,,,,,
IAM,,1,3,,,,,126972,Y,,2016-11-15 14:10,Eastern,,,ELOMA,No,,,,,,,,
IAM,,2,1,,,,,126976,Y,,2015-11-05 10:30,Eastern,,,ELOMA,No,,,,,,,,
IAM,,2,2,,,,,126977,Y,,2016-05-30 12:27,Eastern,,,ELOMA,No,,,,,,,,
IAM,,2,3,,,,,126997,Y,,2016-11-15 14:30,Eastern,,,ELOMA,No,,,,,,,,
IAM,,3,1,,,,,126971,Y,,2015-11-04 14:00,Eastern,,,ELOMA,No,,,,,,,,
IAM,,3,2,,,,,126956,Y,,2016-05-30 12:39,Eastern,,,ELOMA,No,,,,,,,,
IAM,,3,3,,,,,126958,Y,,2016-11-18 10:40,Eastern,,,ELOMA,No,,,,,,,,
IAM,,4,1,,,,,126967,Y,,2015-11-04 14:15,Eastern,,,ELOMA,No,,,,,,,,
IAM,,4,2,,,,,126983,Y,,2016-05-30 12:51,Eastern,,,ELOMA,No,,,,,,,,
IAM,,4,3,,,,,126969,Y,,2016-11-18 10:50,Eastern,,,ELOMA,No,,,,,,,,
IAM,,5,1,,,,,126973,Y,,2015-11-04 14:30,Eastern,,,ELOMA,No,,,,,,,,
IAM,,5,2,,,,,126974,Y,,2016-05-30 13:04,Eastern,,,ELOMA,No,,,,,,,,
IAM,,5,3,,,,,126995,Y,,2016-11-05 10:00,Eastern,,,ELOMA,No,,,,,,,,
LIN,,1,1,,,,,126970,Y,,2016-11-02 14:40,Eastern,,,ELOMA,No,,,,,,,,
LIN,,2,1,,,,,126963,Y,,2016-11-02 14:30,Eastern,,,ELOMA,No,,,,,,,,
LIN,,3,1,,,,,126981,Y,,2016-11-02 14:50,Eastern,,,ELOMA,No,,,,,,,,
LIN,,4,1,,,,,126988,Y,,2016-11-02 15:00,Eastern,,,ELOMA,No,,,,,,,,
LRH,,1,1,,,,,126999,Y,,2015-11-02 12:30,Eastern,,,ELOMA,No,,,,,,,,
LRH,,1,2,,,,,126996,Y,,2016-06-01 11:29,Eastern,,,ELOMA,No,,,,,,,,
LRH,,1,3,,,,,126983,Y,,2016-11-17 11:45,Eastern,,,ELOMA,No,,,,,,,,
MAM,,1,1,,,,,126975,Y,,2015-11-04 09:45,Eastern,,,ELOMA,No,,,,,,,,
MAM,,1,2,,,,,126985,Y,,2016-05-31 09:52,Eastern,,,ELOMA,No,,,,,,,,
MAM,,1,3,,,,,126978,Y,,2016-11-15 10:20,Eastern,,,ELOMA,No,,,,,,,,
MAM,,2,1,,,,,126981,Y,,2015-11-04 12:30,Eastern,,,ELOMA,No,,,,,,,,
MAM,,2,2,,,,,126987,Y,,2016-05-31 10:08,Eastern,,,ELOMA,No,,,,,,,,
MAM,,2,3,,,,,126980,Y,,2016-11-15 10:40,Eastern,,,ELOMA,No,,,,,,,,
MAM,,3,1,,,,,126968,Y,,2015-11-04 13:00,Eastern,,,ELOMA,No,,,,,,,,
MAM,,3,2,,,,,126989,Y,,2016-05-31 10:42,Eastern,,,ELOMA,No,,,,,,,,
MAM,,3,3,,,,,126973,Y,,2016-11-15 10:10,Eastern,,,ELOMA,No,,,,,,,,
MAM,,4,1,,,,,126980,Y,,2015-11-04 13:15,Eastern,,,ELOMA,No,,,,,,,,
MAM,,4,2,,,,,126999,Y,,2016-05-31 10:59,Eastern,,,ELOMA,No,,,,,,,,
MAM,,4,3,,,,,126979,Y,,2016-11-15 10:30,Eastern,,,ELOMA,No,,,,,,,,
MCL,,1,1,,,,,126956,Y,,2015-11-03 12:00,Eastern,,,ELOMA,No,,,,,,,,
MCL,,1,2,,,,,126957,Y,,2016-11-16 09:00,Eastern,,,ELOMA,No,,,,,,,,
MDI,,1,1,,,,,126996,Y,,2015-10-05 14:20,Eastern,,,ELOMA,No,,,,,,,,
MDI,,1,2,,,,,126994,Y,,2016-06-24 14:40,Eastern,,,ELOMA,No,,,,,,,,
MDI,,1,3,,,,,126959,Y,,2016-11-02 13:40,Eastern,,,ELOMA,No,,,,,,,,
MDI,,2,1,,,,,126991,Y,,2015-10-05 14:15,Eastern,,,ELOMA,No,,,,,,,,
MDI,,2,2,,,,,126976,Y,,2016-06-24 15:40,Eastern,,,ELOMA,No,,,,,,,,
MDI,,2,3,,,,,126992,Y,,2016-11-02 14:00,Eastern,,,ELOMA,No,,,,,,,,
MDI,,3,1,,,,,126993,Y,,2015-10-05 14:00,Eastern,,,ELOMA,No,,,,,,,,
MDI,,3,2,,,,,126960,Y,,2016-06-24 15:50,Eastern,,,ELOMA,No,,,,,,,,
MDI,,3,3,,,,,126996,Y,,2016-11-02 13:50,Eastern,,,ELOMA,No,,,,,,,,
MDI,,4,1,,,,,126984,Y,,2015-10-05 13:30,Eastern,,,ELOMA,No,,,,,,,,
MDI,,4,2,,,,,126981,Y,,2016-06-24 13:30,Eastern,,,ELOMA,No,,,,,,,,
MDI,,4,3,,,,,126964,Y,,2016-11-02 13:50,Eastern,,,ELOMA,No,,,,,,,,
MDI,,5,1,,,,,126992,Y,,2015-10-05 13:45,Eastern,,,ELOMA,No,,,,,,,,
MDI,,5,2,,,,,126988,Y,,2016-06-24 13:50,Eastern,,,ELOMA,No,,,,,,,,
MDI,,5,3,,,,,126987,Y,,2016-11-02 14:30,Eastern,,,ELOMA,No,,,,,,,,
MDI,,6,1,,,,,126959,Y,,2015-10-05 13:40,Eastern,,,ELOMA,No,,,,,,,,
MDI,,6,2,,,,,126970,Y,,2016-06-24 13:50,Eastern,,,ELOMA,No,,,,,,,,
MDI,,6,3,,,,,126966,Y,,2016-11-02 14:00,Eastern,,,ELOMA,No,,,,,,,,
MPT,,1,1,,,,,126974,Y,,2015-11-03 09:30,Eastern,,,ELOMA,No,,,,,,,,
MPT,,1,2,,,,,126993,Y,,2016-06-02 10:39,Eastern,,,ELOMA,No,,,,,,,,
MPT,,1,3,,,,,126987,Y,,2016-09-01 10:00,Eastern,,,ELOMA,No,,,,,,,,
MPT,,1,4,,,,,126984,Y,,2016-11-16 00:00,Eastern,,,ELOMA,No,,,,,,,,
OAM,,1,1,,,,,126997,Y,,2015-11-05 11:00,Eastern,,,ELOMA,No,,,,,,,,
OAM,,1,2,,,,,126979,Y,,2016-05-30 10:31,Eastern,,,ELOMA,No,,,,,,,,
OAM,,2,1,,,,,126970,Y,,2015-11-05 11:30,Eastern,,,ELOMA,No,,,,,,,,
OAM,,2,2,,,,,126973,Y,,2016-05-30 10:40,Eastern,,,ELOMA,No,,,,,,,,
OAM,,3,1,,,,,126988,Y,,2015-11-05 12:00,Eastern,,,ELOMA,No,,,,,,,,
OAM,,3,2,,,,,126980,Y,,2016-05-30 11:02,Eastern,,,ELOMA,No,,,,,,,,
OAM,,4,1,,,,,126994,Y,,2015-11-05 12:30,Eastern,,,ELOMA,No,,,,,,,,
OAM,,4,2,,,,,126978,Y,,2016-05-30 10:15,Eastern,,,ELOMA,No,,,,,,,,
OAM,,5,1,,,,,126960,Y,,2015-11-05 13:00,Eastern,,,ELOMA,No,,,,,,,,
OAM,,5,2,,,,,126975,Y,,2016-05-30 10:23,Eastern,,,ELOMA,No,,,,,,,,
OAM,,6,1,,,,,126969,Y,,2015-11-05 13:30,Eastern,,,ELOMA,No,,,,,,,,
OAM,,6,2,,,,,126967,Y,,2016-05-30 10:07,Eastern,,,ELOMA,No,,,,,,,,
OAM,,7,1,,,,,126958,Y,,2015-11-05 14:00,Eastern,,,ELOMA,No,,,,,,,,
OAM,,7,2,,,,,126971,Y,,2016-05-30 13:20,Eastern,,,ELOMA,No,,,,,,,,
PBM,,1,1,,,,,126990,Y,,2016-11-02 13:20,Eastern,,,ELOMA,No,,,,,,,,
PRS,,1,1,,,,,126994,Y,,2016-11-02 14:00,Eastern,,,ELOMA,No,,,,,,,,
PRS,,2,1,,,,,126991,Y,,2016-11-02 13:40,Eastern,,,ELOMA,No,,,,,,,,
PRS,,3,1,,,,,126993,Y,,2016-11-02 13:50,Eastern,,,ELOMA,No,,,,,,,,
PRS,,4,1,,,,,126960,Y,,2016-11-02 13:30,Eastern,,,ELOMA,No,,,,,,,,
TGN,,1,1,,,,,126987,Y,,2015-11-02 14:10,Eastern,,,ELOMA,No,,,,,,,,
TGN,,1,2,,,,,126959,Y,,2016-06-01 15:10,Eastern,,,ELOMA,No,,,,,,,,
TGN,,1,3,,,,,126985,Y,,2016-11-17 14:19,Eastern,,,ELOMA,No,,,,,,,,
TNN,,1,1,,,,,126982,Y,,2016-06-02 14:00,Eastern,,,ELOMA,No,,,,,,,,
TNN,,1,2,,,,,126999,Y,,2016-11-16 13:00,Eastern,,,ELOMA,No,,,,,,,,
TNN,,2,1,,,,,126983,Y,,2015-11-03 10:30,Eastern,,,ELOMA,No,,,,,,,,
TNN,,2,2,,,,,126963,Y,,2016-06-02 11:39,Eastern,,,ELOMA,No,,,,,,,,
TNN,,2,3,,,,,126989,Y,,2016-11-16 13:10,Eastern,,,ELOMA,No,,,,,,,,
TPT,,1,1,,,,,126957,Y,,2015-11-02 11:00,Eastern,,,ELOMA,No,,,,,,,,
TPT,,1,2,,,,,126998,Y,,2016-06-01 01:10,Eastern,,,ELOMA,No,,,,,,,,
TPT,,2,1,,,,,126985,Y,,2015-11-02 11:00,Eastern,,,ELOMA,No,,,,,,,,
TPT,,2,2,,,,,126966,Y,,2016-06-01 01:00,Eastern,,,ELOMA,No,,,,,,,,
WOL,,1,1,,,,,126982,Y,,2016-11-18 00:00,Eastern,,,ELOMA,No,,,,,,,,
MPT,,1,5,,,,,126968,Y,,2017-06-01 09:30,Eastern,,,ELOMA,No,,,,,,,,
LRH,,1,4,,,,,126971,Y,,2017-05-31 11:00,Eastern,,,ELOMA,No,,,,,,,,
TGN,,1,4,,,,,126956,Y,,2017-06-08 12:00,Eastern,,,ELOMA,No,,,,,,,,
HBY,,1,1,,,,,126973,Y,,2017-05-31 13:00,Eastern,,,ELOMA,No,,,,,,,,
HBY,,2,1,,,,,126989,Y,,2017-05-31 13:15,Eastern,,,ELOMA,No,,,,,,,,
TNN,,1,3,,,,,126967,Y,,2017-06-01 10:00,Eastern,,,ELOMA,No,,,,,,,,
TNN,,2,4,,,,,126975,Y,,2017-06-01 10:20,Eastern,,,ELOMA,No,,,,,,,,
CNW,,1,4,,,,,126966,Y,,2017-05-30 10:00,Eastern,,,ELOMA,No,,,,,,,,
CNW,,2,4,,,,,126963,Y,,2017-05-30 10:10,Eastern,,,ELOMA,No,,,,,,,,
CNW,,3,4,,,,,126996,Y,,2017-05-30 10:20,Eastern,,,ELOMA,No,,,,,,,,
CNW,,4,4,,,,,126962,Y,,2017-05-30 10:30,Eastern,,,ELOMA,No,,,,,,,,
GNR,,1,4,,,,,126964,Y,,2017-05-30 14:00,Eastern,,,ELOMA,No,,,,,,,,
GNR,,2,4,,,,,126992,Y,,2017-05-30 14:10,Eastern,,,ELOMA,No,,,,,,,,
MAM,,1,4,,,,,126965,Y,,2017-04-03 00:00,Eastern,,,ELOMA,No,,,,,,,,
MAM,,2,4,,,,,126960,Y,,2017-06-01 10:00,Eastern,,,ELOMA,No,,,,,,,,
MAM,,3,4,,,,,126988,Y,,2017-06-01 10:10,Eastern,,,ELOMA,No,,,,,,,,
MAM,,4,4,,,,,126981,Y,,2017-06-01 10:20,Eastern,,,ELOMA,No,,,,,,,,
DBG,,1,4,,,,,126977,Y,,2017-05-31 13:00,Eastern,,,ELOMA,No,,,,,,,,
IAM,,1,4,,,,,126993,Y,,2017-06-07 09:00,Eastern,,,ELOMA,No,,,,,,,,
IAM,,2,4,,,,,126987,Y,,2017-06-02 09:10,Eastern,,,ELOMA,No,,,,,,,,
IAM,,3,4,,,,,126991,Y,,2017-06-02 09:25,Eastern,,,ELOMA,No,,,,,,,,
IAM,,4,4,,,,,126961,Y,,2017-06-02 09:45,Eastern,,,ELOMA,No,,,,,,,,
IAM,,5,4,,,,,126959,Y,,2017-06-02 11:00,Eastern,,,ELOMA,No,,,,,,,,
MDI,,1,4,,,,,126981,Y,,2017-08-24 10:00,Eastern,,,ELOMA,No,,,,,,,,
MDI,,2,4,,,,,126975,Y,,2017-08-24 10:10,Eastern,,,ELOMA,No,,,,,,,,
MDI,,3,4,,,,,126960,Y,,2017-08-24 10:20,Eastern,,,ELOMA,No,,,,,,,,
MDI,,4,4,,,,,126989,Y,,2017-08-24 10:30,Eastern,,,ELOMA,No,,,,,,,,
MDI,,5,4,,,,,126961,Y,,2017-08-24 10:40,Eastern,,,ELOMA,No,,,,,,,,
MDI,,6,4,,,,,126956,Y,,2017-08-24 10:50,Eastern,,,ELOMA,No,,,,,,,,
MPT,,1,6,,,,,126966,Y,,2017-11-08 12:20,Eastern,,,ELOMA,No,,,,,,,,
LRH,,1,5,,,,,126996,Y,,2017-10-24 11:00,Eastern,,,ELOMA,No,,,,,,,,
TGN,,1,5,,,,,126987,Y,,2017-10-24 10:00,Eastern,,,ELOMA,No,,,,,,,,
HBY,,1,2,,,,,126964,Y,,2017-10-24 09:00,Eastern,,,ELOMA,No,,,,,,,,
HBY,,2,2,,,,,126992,Y,,2017-10-24 08:45,Eastern,,,ELOMA,No,,,,,,,,
TNN,,1,4,,,,,126977,Y,,2017-11-01 10:10,Eastern,,,ELOMA,No,,,,,,,,
TNN,,2,5,,,,,126973,Y,,2017-11-01 10:10,Eastern,,,ELOMA,No,,,,,,,,
MCL,,1,3,,,,,126999,Y,,2017-11-01 12:00,Eastern,,,ELOMA,No,,,,,,,,
PBM,,1,2,,,,,131935,Y,,2017-11-03 10:00,Eastern,,,ELOMA,No,,,,,,,,
CNW,,1,5,,,,,481185,Y,,2017-10-25 10:00,Eastern,,,ELOMA,No,,,,,,,,
CNW,,2,5,,,,,481186,Y,,2017-10-25 10:20,Eastern,,,ELOMA,No,,,,,,,,
CNW,,3,5,,,,,481190,Y,,2017-10-25 10:30,Eastern,,,ELOMA,No,,,,,,,,
CNW,,4,5,,,,,481189,Y,,2017-10-25 10:40,Eastern,,,ELOMA,No,,,,,,,,
DBG,,1,5,,,,,481252,Y,,2017-10-24 13:00,Eastern,,,ELOMA,No,,,,,,,,
GNR,,1,5,,,,,481188,Y,,2017-10-24 13:30,Eastern,,,ELOMA,No,,,,,,,,
GNR,,2,5,,,,,481187,Y,,2017-10-24 13:40,Eastern,,,ELOMA,No,,,,,,,,
MAM,,1,5,,,,,481248,Y,,2017-11-03 09:00,Eastern,,,ELOMA,No,,,,,,,,
MAM,,2,5,,,,,481249,Y,,2017-11-03 09:10,Eastern,,,ELOMA,No,,,,,,,,
MAM,,3,5,,,,,481250,Y,,2017-11-03 09:20,Eastern,,,ELOMA,No,,,,,,,,
MAM,,4,5,,,,,481251,Y,,2017-11-03 09:30,Eastern,,,ELOMA,No,,,,,,,,
IAM,,1,5,,,,,481253,Y,,2017-11-03 10:00,Eastern,,,ELOMA,No,,,,,,,,
IAM,,2,5,,,,,481254,Y,,2017-11-03 10:20,Eastern,,,ELOMA,No,,,,,,,,
IAM,,3,5,,,,,481255,Y,,2017-11-03 10:35,Eastern,,,ELOMA,No,,,,,,,,
IAM,,4,5,,,,,481256,Y,,2017-11-03 10:45,Eastern,,,ELOMA,No,,,,,,,,
IAM,,5,5,,,,,481257,Y,,2017-11-03 10:55,Eastern,,,ELOMA,No,,,,,,,,
TNT,23-TNT,1,1,,,,,126990,Y,,2017-11-07 14:55,Eastern,,,ELOMA,No,,,,,,,,
EAB,W14-EB9,9,1,,,,,126965,Y,,2017-11-07 10:55,Eastern,,,ELOMA,No,,,,,,,,
ASG,W18-ASG1,1,1,,,,,126957,Y,,2017-11-07 11:10,Eastern,,,ELOMA,No,,,,,,,,
FDI,W5-FDI,1,1,,,,,126958,Y,,2017-10-23 11:25,Eastern,,,ELOMA,No,,,,,,,,
EAB,W6-EB1,1,1,,,,,126969,Y,,2017-10-23 11:40,Eastern,,,ELOMA,No,,,,,,,,
LPT,W2-LPT,1,1,,,,,126970,Y,,2017-11-07 11:55,Eastern,,,ELOMA,No,,,,,,,,
EAB,W8-EB3,3,1,,,,,126972,Y,,2017-10-26 12:10,Eastern,,,ELOMA,No,,,,,,,,
EAB,W16-EB11,11,1,,,,,126974,Y,,2017-11-07 12:25,Eastern,,,ELOMA,No,,,,,,,,
GRI,W4-GRI2,2,1,,,,,126976,Y,,2017-10-23 12:40,Eastern,,,ELOMA,No,,,,,,,,
ASG,W19-ASG2,2,1,,,,,126978,Y,,2017-11-07 12:55,Eastern,,,ELOMA,No,,,,,,,,
ASG,W20-ASG3,3,1,,,,,126979,Y,,2017-11-07 13:10,Eastern,,,ELOMA,No,,,,,,,,
EAB,W17-EB12,12,1,,,,,126980,Y,,2017-11-07 13:25,Eastern,,,ELOMA,No,,,,,,,,
EAB,W10-EB5,5,1,,,,,126982,Y,,2017-11-07 13:40,Eastern,,,ELOMA,No,,,,,,,,
EAB,W15-EB10,10,1,,,,,126983,Y,,2017-11-07 13:55,Eastern,,,ELOMA,No,,,,,,,,
EAB,W7-EB2,2,1,,,,,126984,Y,,2017-10-26 14:10,Eastern,,,ELOMA,No,,,,,,,,
EAB,W12-EB7,7,1,,,,,126985,Y,,2017-10-26 14:25,Eastern,,,ELOMA,No,,,,,,,,
EAB,W13-EB8,8,1,,,,,126986,Y,,2017-11-07 14:40,Eastern,,,ELOMA,No,,,,,,,,
GRI,W3-GRI1,1,1,,,,,126994,Y,,2017-10-23 15:10,Eastern,,,ELOMA,No,,,,,,,,
EAB,W9-EB4,4,1,,,,,126995,Y,,2017-10-26 15:25,Eastern,,,ELOMA,No,,,,,,,,
FPT,W1-FPT,1,1,,,,,126997,Y,,2017-10-23 15:40,Eastern,,,ELOMA,No,,,,,,,,
EAB,W11-EB6,6,1,,,,,126998,Y,,2017-10-26 15:55,Eastern,,,ELOMA,No,,,,,,,,
NPR,,3,1,,,,,126977,Y,,2018-05-28 00:00,Eastern,,,ELOMA,No,,,,,,,,
CNW,,1,6,,,,,126988,Y,,2018-05-28 10:45,Eastern,,,ELOMA,No,,,,,,,,
CNW,,2,6,,,,,126968,Y,,2018-05-28 11:15,Eastern,,,ELOMA,No,,,,,,,,
CNW,,3,6,,,,,126981,Y,,2018-05-28 11:30,Eastern,,,ELOMA,No,,,,,,,,
CNW,,4,6,,,,,126963,Y,,2018-05-28 23:50,Eastern,,,ELOMA,No,,,,,,,,
GNR,,1,6,,,,,126989,Y,,2018-05-28 12:35,Eastern,,,ELOMA,No,,,,,,,,
GNR,,2,6,,,,,126975,Y,,2018-05-28 13:10,Eastern,,,ELOMA,No,,,,,,,,
EAB,W12-EB7,7,2,,,,,126996,Y,,2018-05-29 11:05,Eastern,,,ELOMA,No,,,,,,,,
EAB,W16-EB11,11,2,,,,,481250,Y,,2018-05-29 11:45,Eastern,,,ELOMA,No,,,,,,,,
EAB,W13-EB8,8,2,,,,,481254,Y,,2018-05-29 12:10,Eastern,,,ELOMA,No,,,,,,,,
EAB,W14-EB9,9,2,,,,,481256,Y,,2018-05-29 13:00,Eastern,,,ELOMA,No,,,,,,,,
EAB,W15-EB10,10,2,,,,,481257,Y,,2018-05-29 13:25,Eastern,,,ELOMA,No,,,,,,,,
ASG,W19-ASG2,2,2,,,,,481255,Y,,2018-05-29 14:00,Eastern,,,ELOMA,No,,,,,,,,
ASG,W20-ASG3,3,2,,,,,481251,Y,,2018-05-29 14:15,Eastern,,,ELOMA,No,,,,,,,,
EAB,W7-EB2,2,2,,,,,481189,Y,,2018-05-30 10:00,Eastern,,,ELOMA,No,,,,,,,,
EAB,W11-EB6,6,2,,,,,126987,Y,,2018-05-30 10:13,Eastern,,,ELOMA,No,,,,,,,,
EAB,W10-EB5,5,2,,,,,481248,Y,,2018-05-30 11:14,Eastern,,,ELOMA,No,,,,,,,,
EAB,W9-EB4,4,2,,,,,481186,Y,,2018-05-30 11:58,Eastern,,,ELOMA,No,,,,,,,,
EAB,W8-EB3,3,2,,,,,481185,Y,,2018-05-30 13:05,Eastern,,,ELOMA,No,,,,,,,,
FDI,W5-FDI,1,2,,,,,126961,Y,,2018-05-30 13:35,Eastern,,,ELOMA,No,,,,,,,,
EAB,W6-EB1,1,2,,,,,126962,Y,,2018-05-30 13:57,Eastern,,,ELOMA,No,,,,,,,,
TNT,,1,2,,,,,126986,Y,,2018-05-31 11:32,Eastern,,,ELOMA,No,,,,,,,,
MPT,,1,7,,,,,481249,Y,,2018-05-31 10:25,Eastern,,,ELOMA,No,,,,,,,,
TNN,,1,5,,,,,126995,Y,,2018-05-31 10:58,Eastern,,,ELOMA,No,,,,,,,,
TNN,,2,6,,,,,126964,Y,,2018-05-31 11:11,Eastern,,,ELOMA,No,,,,,,,,
MAM,,4,6,,,,,126992,Y,,2018-06-01 09:50,Eastern,,,ELOMA,No,,,,,,,,
MAM,,3,6,,,,,481190,Y,,2018-06-01 10:30,Eastern,,,ELOMA,No,,,,,,,,
MAM,,2,6,,,,,126984,Y,,2018-06-01 10:55,Eastern,,,ELOMA,No,,,,,,,,
MAM,,1,6,,,,,126985,Y,,2018-06-01 11:10,Eastern,,,ELOMA,No,,,,,,,,
IAM,,5,6,,,,,131934,Y,,2018-06-01 11:40,Eastern,,,ELOMA,No,,,,,,,,
IAM,,4,6,,,,,481252,Y,,2018-06-01 11:50,Eastern,,,ELOMA,No,,,,,,,,
IAM,,3,6,,,,,126976,Y,,2018-06-01 12:25,Eastern,,,ELOMA,No,,,,,,,,
IAM,,2,6,,,,,481188,Y,,2018-06-01 12:40,Eastern,,,ELOMA,No,,,,,,,,
IAM,,1,6,,,,,481187,Y,,2018-06-01 12:55,Eastern,,,ELOMA,No,,,,,,,,
TGN,,1,6,,,,,126994,Y,,2018-06-04 10:45,Eastern,,,ELOMA,No,,,,,,,,
DBG,,1,6,,,,,126960,Y,,2018-06-04 11:10,Eastern,,,ELOMA,No,,,,,,,,
LRH,,1,6,,,,,126969,Y,,2018-06-04 11:32,Eastern,,,ELOMA,No,,,,,,,,
HBY,,2,3,,,,,126958,Y,,2018-06-04 12:10,Eastern,,,ELOMA,No,,,,,,,,
HBY,,1,3,,,,,126997,Y,,2018-06-04 12:20,Eastern,,,ELOMA,No,,,,,,,,
GRI,W4-GRI2,2,2,,,,,126956,Y,,2018-06-05 10:53,Eastern,,,ELOMA,No,,,,,,,,
GRI,W3-GRI1,1,2,,,,,126967,Y,,2018-06-05 11:19,Eastern,,,ELOMA,No,,,,,,,,
FPT,W1-FPT,1,2,,,,,126959,Y,,2018-06-05 11:44,Eastern,,,ELOMA,No,,,,,,,,
PBM,,1,3,,,,,126965,Y,,2018-06-06 10:20,Eastern,,,ELOMA,No,,,,,,,,
MCL,,1,4,,,,,126972,Y,,2018-06-06 11:20,Eastern,,,ELOMA,No,,,,,,,,
NPR,,1,1,,,,,481253,Y,,2018-06-06 13:31,Eastern,,,ELOMA,No,,,,,,,,
NPR,,2,1,,,,,126970,Y,,2018-06-06 14:00,Eastern,,,ELOMA,No,,,,,,,,
MDI,,1,5,,,,,481253,Y,,2018-06-15 09:00,Eastern,,,ELOMA,No,,,,,,,,
MDI,,2,5,,,,,126958,Y,,2018-06-15 09:00,Eastern,,,ELOMA,No,,,,,,,,
MDI,,3,5,,,,,126994,Y,,2018-06-15 09:00,Eastern,,,ELOMA,No,,,,,,,,
MDI,,4,5,,,,,126972,Y,,2018-06-15 09:00,Eastern,,,ELOMA,No,,,,,,,,
MDI,,5,5,,,,,126965,Y,,2018-06-15 09:00,Eastern,,,ELOMA,No,,,,,,,,
MDI,,6,5,,,,,481252,Y,,2018-06-15 09:00,Eastern,,,ELOMA,No,,,,,,,,
NPR,,1,2,,,,,126967,Y,,2018-11-02 08:00,Eastern,,,ELOMA,No,,,,,,,,
NPR,,2,2,,,,,126959,Y,,2018-11-02 08:00,Eastern,,,ELOMA,No,,,,,,,,
ASG,W18-ASG1,1,2,,,,,126978,Y,,2018-11-20 00:00,Eastern,,,ELOMA,No,,,,,,,,
LPL,W21-LPL1,1,1,,,,,131935,Y,,2018-11-27 00:00,Eastern,,,ELOMA,No,,,,,,,,
LPL,W22-LPL2,2,1,,,,,126979,Y,,2018-11-27 00:00,Eastern,,,ELOMA,No,,,,,,,,
LPL,W23-LPL3,3,1,,,,,126957,Y,,2018-11-27 00:00,Eastern,,,ELOMA,No,,,,,,,,
LPT,W2-LPT,1,2,,,,,126983,Y,,2018-11-30 00:00,Eastern,,,ELOMA,No,,,,,,,,
LIN,,1,2,,,,,126966,Y,,2018-11-13 00:00,Eastern,,,ELOMA,No,,,,,,,,
LIN,,2,2,,,,,126990,Y,,2018-11-13 00:00,Eastern,,,ELOMA,No,,,,,,,,
LIN,,3,2,,,,,126991,Y,,2018-11-13 00:00,Eastern,,,ELOMA,No,,,,,,,,
HOW,,1,2,,,,,126980,Y,,2018-11-13 00:00,Eastern,,,ELOMA,No,,,,,,,,
HOW,,2,2,,,,,126974,Y,,2018-11-13 00:00,Eastern,,,ELOMA,No,,,,,,,,
WOL,,1,2,,,,,126971,Y,,2018-11-13 00:00,Eastern,,,ELOMA,No,,,,,,,,
CNW,,1,7,,,,,126993,Y,,2018-10-29 10:45,Eastern,,,ELOMA,No,,,,,,,,
CNW,,2,7,,,,,126973,Y,,2018-10-29 11:15,Eastern,,,ELOMA,No,,,,,,,,
CNW,,3,7,,,,,482004,Y,,2018-10-29 11:30,Eastern,,,ELOMA,No,,,,,,,,
CNW,,4,7,,,,,126999,Y,,2018-10-29 11:50,Eastern,,,ELOMA,No,,,,,,,,
GNR,,1,7,,,,,482001,Y,,2018-10-29 12:35,Eastern,,,ELOMA,No,,,,,,,,
GNR,,2,7,,,,,126998,Y,,2018-10-29 13:10,Eastern,,,ELOMA,No,,,,,,,,
EAB,W12-EB7,7,3,,,,,126989,Y,,2018-11-19 11:05,Eastern,,,ELOMA,No,,,,,,,,
EAB,W16-EB11,11,3,,,,,126988,Y,,2018-11-19 11:45,Eastern,,,ELOMA,No,,,,,,,,
EAB,W13-EB8,8,3,,,,,126963,Y,,2018-11-19 12:10,Eastern,,,ELOMA,No,,,,,,,,
EAB,W14-EB9,9,3,,,,,126975,Y,,2018-11-19 13:00,Eastern,,,ELOMA,No,,,,,,,,
EAB,W15-EB10,10,3,,,,,126981,Y,,2018-11-20 13:25,Eastern,,,ELOMA,No,,,,,,,,
ASG,W19-ASG2,2,3,,,,,482005,Y,,2018-11-20 14:00,Eastern,,,ELOMA,No,,,,,,,,
ASG,W20-ASG3,3,3,,,,,482003,Y,,2018-11-20 14:15,Eastern,,,ELOMA,No,,,,,,,,
EAB,W7-EB2,2,3,,,,,481254,Y,,2018-11-13 10:00,Eastern,,,ELOMA,No,,,,,,,,
EAB,W11-EB6,6,3,,,,,481251,Y,,2018-11-19 10:13,Eastern,,,ELOMA,No,,,,,,,,
EAB,W10-EB5,5,3,,,,,126996,Y,,2018-11-13 11:14,Eastern,,,ELOMA,No,,,,,,,,
EAB,W9-EB4,4,3,,,,,481256,Y,,2018-11-13 11:58,Eastern,,,ELOMA,No,,,,,,,,
EAB,W8-EB3,3,3,,,,,481255,Y,,2018-11-13 13:05,Eastern,,,ELOMA,No,,,,,,,,
FDI,W5-FDI,1,3,,,,,481257,Y,,2018-11-13 13:35,Eastern,,,ELOMA,No,,,,,,,,
EAB,W6-EB1,1,3,,,,,481250,Y,,2018-11-13 13:57,Eastern,,,ELOMA,No,,,,,,,,
MPT,,1,8,,,,,481185,Y,,2018-10-31 10:25,Eastern,,,ELOMA,No,,,,,,,,
TNN,,1,6,,,,,481189,Y,,2018-10-31 10:58,Eastern,,,ELOMA,No,,,,,,,,
TNN,,2,7,,,,,481248,Y,,2018-10-31 11:11,Eastern,,,ELOMA,No,,,,,,,,
TNT,,1,3,,,,,481186,Y,,2018-11-07 11:32,Eastern,,,ELOMA,No,,,,,,,,
MAM,,4,7,,,,,126986,Y,,2018-11-14 09:50,Eastern,,,ELOMA,No,,,,,,,,
MAM,,3,7,,,,,126964,Y,,2018-11-14 10:30,Eastern,,,ELOMA,No,,,,,,,,
MAM,,2,7,,,,,126995,Y,,2018-11-14 10:55,Eastern,,,ELOMA,No,,,,,,,,
MAM,,1,7,,,,,481249,Y,,2018-11-14 11:10,Eastern,,,ELOMA,No,,,,,,,,
IAM,,5,7,,,,,126962,Y,,2018-11-14 11:40,Eastern,,,ELOMA,No,,,,,,,,
IAM,,4,7,,,,,126977,Y,,2018-11-14 11:50,Eastern,,,ELOMA,No,,,,,,,,
IAM,,3,7,,,,,126961,Y,,2018-11-14 12:25,Eastern,,,ELOMA,No,,,,,,,,
IAM,,2,7,,,,,126987,Y,,2018-11-14 12:40,Eastern,,,ELOMA,No,,,,,,,,
IAM,,1,7,,,,,126968,Y,,2018-11-14 12:55,Eastern,,,ELOMA,No,,,,,,,,
TGN,,1,7,,,,,126976,Y,,2018-11-02 10:45,Eastern,,,ELOMA,No,,,,,,,,
DBG,,1,7,,,,,126992,Y,,2018-11-02 11:10,Eastern,,,ELOMA,No,,,,,,,,
LRH,,1,7,,,,,481187,Y,,2018-11-08 11:32,Eastern,,,ELOMA,No,,,,,,,,
HBY,,2,4,,,,,126985,Y,,2018-11-08 12:10,Eastern,,,ELOMA,No,,,,,,,,
HBY,,1,4,,,,,481188,Y,,2018-11-08 12:20,Eastern,,,ELOMA,No,,,,,,,,
GRI,W4-GRI2,2,3,,,,,131934,Y,,2018-11-27 10:53,Eastern,,,ELOMA,No,,,,,,,,
GRI,W3-GRI1,1,3,,,,,481190,Y,,2018-11-27 11:19,Eastern,,,ELOMA,No,,,,,,,,
FPT,W1-FPT,1,3,,,,,126984,Y,,2018-11-13 11:44,Eastern,,,ELOMA,No,,,,,,,,
PBM,,1,4,,,,,126956,Y,,2018-11-07 11:44,Eastern,,,ELOMA,No,,,,,,,,
MCL,,1,5,,,,,126960,Y,,2018-11-07 11:00,Eastern,,,ELOMA,No,,,,,,,,
CNW,,1,8,,,,,126969,Y,,2019-05-21 10:00,Eastern,,,ELOMA,No,,,,,,,,
CNW,,2,8,,,,,126970,Y,,2019-05-21 10:00,Eastern,,,ELOMA,No,,,,,,,,
CNW,,3,8,,,,,126997,Y,,2019-05-21 10:00,Eastern,,,ELOMA,No,,,,,,,,
CNW,,4,8,,,,,481253,Y,,2019-05-21 10:00,Eastern,,,ELOMA,No,,,,,,,,
GNR,,1,8,,,,,482000,Y,,2019-05-21 10:00,Eastern,,,ELOMA,No,,,,,,,,
GNR,,2,8,,,,,482002,Y,,2019-05-21 10:00,Eastern,,,ELOMA,No,,,,,,,,
HBY,,1,5,,,,,481186,Y,,2019-05-21 10:00,Eastern,,,ELOMA,No,,,,,,,,
HBY,,2,5,,,,,126998,Y,,2019-05-21 10:00,Eastern,,,ELOMA,No,,,,,,,,
IAM,,1,8,,,,,126971,Y,,2019-05-22 10:00,Eastern,,,ELOMA,No,,,,,,,,
IAM,,2,8,,,,,126990,Y,,2019-05-22 10:00,Eastern,,,ELOMA,No,,,,,,,,
IAM,,3,8,,,,,126991,Y,,2019-05-22 10:00,Eastern,,,ELOMA,No,,,,,,,,
IAM,,4,8,,,,,126974,Y,,2019-05-22 10:00,Eastern,,,ELOMA,No,,,,,,,,
IAM,,5,8,,,,,126966,Y,,2019-05-22 10:00,Eastern,,,ELOMA,No,,,,,,,,
MAM,,1,8,,,,,126980,Y,,2019-05-22 10:00,Eastern,,,ELOMA,No,,,,,,,,
MAM,,2,8,,,,,481257,Y,,2019-05-22 10:00,Eastern,,,ELOMA,No,,,,,,,,
MAM,,3,8,,,,,481255,Y,,2019-05-22 10:00,Eastern,,,ELOMA,No,,,,,,,,
MAM,,4,8,,,,,126984,Y,,2019-05-22 10:00,Eastern,,,ELOMA,No,,,,,,,,
MOR,,1,1,,,,,126961,Y,,2019-05-23 10:00,Eastern,,,ELOMA,No,,,,,,,,
MPT,,1,9,,,,,482001,Y,,2019-05-23 10:00,Eastern,,,ELOMA,No,,,,,,,,
TNN,,1,7,,,,,482004,Y,,2019-05-23 10:00,Eastern,,,ELOMA,No,,,,,,,,
TNN,,2,8,,,,,126999,Y,,2019-05-23 10:00,Eastern,,,ELOMA,No,,,,,,,,
TNT,,1,4,,,,,126959,Y,,2019-05-23 10:00,Eastern,,,ELOMA,No,,,,,,,,
ASG,W19-ASG2,2,4,,,,,126986,Y,,2019-05-24 10:00,Eastern,,,ELOMA,No,,,,,,,,
ASG,W20-ASG3,3,4,,,,,126995,Y,,2019-05-24 10:00,Eastern,,,ELOMA,No,,,,,,,,
EAB,W15-EB10,10,4,,,,,481256,Y,,2019-05-24 10:00,Eastern,,,ELOMA,No,,,,,,,,
EAB,W17-EB12,12,4,,,,,481250,Y,,2019-05-24 10:00,Eastern,,,ELOMA,No,,,,,,,,
EAB,W14-EB9,9,4,,,,,481254,Y,,2019-05-24 10:00,Eastern,,,ELOMA,No,,,,,,,,
LIN,,1,3,,,,,481188,Y,,2019-05-24 10:00,Eastern,,,ELOMA,No,,,,,,,,
LIN,,2,3,,,,,126985,Y,,2019-05-24 10:00,Eastern,,,ELOMA,No,,,,,,,,
LIN,,3,3,,,,,481187,Y,,2019-05-24 10:00,Eastern,,,ELOMA,No,,,,,,,,
WOL,,1,3,,,,,126960,Y,,2019-05-24 10:00,Eastern,,,ELOMA,No,,,,,,,,
EAB,W7-EB2,2,4,,,,,126958,Y,,2019-05-27 10:00,Eastern,,,ELOMA,No,,,,,,,,
EAB,W10-EB5,5,4,,,,,129986,Y,,2019-05-27 10:00,Eastern,,,ELOMA,No,,,,,,,,
EAB,W11-EB6,6,4,,,,,126962,Y,,2019-05-27 10:00,Eastern,,,ELOMA,No,,,,,,,,
DBG,,1,8,,,,,481185,Y,,2019-05-28 10:00,Eastern,,,ELOMA,No,,,,,,,,
LRH,,1,8,,,,,481189,Y,,2019-05-28 10:00,Eastern,,,ELOMA,No,,,,,,,,
NPR,,1,3,,,,,126993,Y,,2019-05-28 10:00,Eastern,,,ELOMA,No,,,,,,,,
NPR,,2,3,,,,,126973,Y,,2019-05-28 10:00,Eastern,,,ELOMA,No,,,,,,,,
TGN,,1,8,,,,,481248,Y,,2019-05-28 10:00,Eastern,,,ELOMA,No,,,,,,,,
EAB,W8-EB3,3,4,,,,,126992,Y,,2019-05-29 10:00,Eastern,,,ELOMA,No,,,,,,,,
EAB,W9-EB4,4,4,,,,,126994,Y,,2019-05-29 10:00,Eastern,,,ELOMA,No,,,,,,,,
EAB,W12-EB7,7,4,,,,,126977,Y,,2019-05-29 10:00,Eastern,,,ELOMA,No,,,,,,,,
EAB,W16-EB11,11,4,,,,,126996,Y,,2019-05-29 10:00,Eastern,,,ELOMA,No,,,,,,,,
FDI,W5-FDI,1,4,,,,,126972,Y,,2019-05-29 10:00,Eastern,,,ELOMA,No,,,,,,,,
FPT,W1-FPT,1,4,,,,,481252,Y,,2019-05-29 10:00,Eastern,,,ELOMA,No,,,,,,,,
LPL,W21-LPL1,1,2,,,,,482005,Y,,2019-05-29 10:00,Eastern,,,ELOMA,No,,,,,,,,
LPL,W22-LPL2,2,2,,,,,482003,Y,,2019-05-29 10:00,Eastern,,,ELOMA,No,,,,,,,,
LPL,W23-LPL3,3,2,,,,,126978,Y,,2019-05-29 10:00,Eastern,,,ELOMA,No,,,,,,,,
EAB,W6-EB1,1,4,,,,,126965,Y,,2019-05-30 10:00,Eastern,,,ELOMA,No,,,,,,,,
GRI,W4-GRI2,2,4,,,,,126975,Y,,2019-05-30 10:00,Eastern,,,ELOMA,No,,,,,,,,
LPT,W2-LPT,1,3,,,,,126989,Y,,2019-05-30 10:00,Eastern,,,ELOMA,No,,,,,,,,
EAB,W13-EB8,8,4,,,,,126964,Y,,2019-05-31 10:00,Eastern,,,ELOMA,No,,,,,,,,
GRI,W3-GRI1,1,4,,,,,481251,Y,,2019-05-31 10:00,Eastern,,,ELOMA,No,,,,,,,,
PBY,,1,1,,,,,126987,Y,,2019-06-03 10:00,Eastern,,,ELOMA,No,,,,,,,,
ASG,W18-ASG1,1,3,,,,,481249,Y,,2019-06-28 10:00,Eastern,,,ELOMA,No,,,,,,,,
HOW,,1,3,,,,,126956,Y,,2019-06-28 10:00,Eastern,,,ELOMA,No,,,,,,,,
HOW,,2,3,,,,,126967,Y,,2019-06-28 10:00,Eastern,,,ELOMA,No,,,,,,,,
CPV,W24-CPV1,1,1,,,,,128975,Y,,2019-08-27 10:00,Eastern,,,ELOMA,No,,,,,,,,
CPV,W25-CPV2,2,1,,,,,128974,Y,,2019-08-27 10:00,Eastern,,,ELOMA,No,,,,,,,,
LND,W26-LND1,1,1,,,,,129985,Y,,2019-08-26 10:00,Eastern,,,ELOMA,No,,,,,,,,
LND,W27-LND2,2,1,,,,,128983,Y,,2019-08-26 10:00,Eastern,,,ELOMA,No,,,,,,,,
EAB,W15-EB10,10,5,,,,,126957,Y,,2019-10-08 10:00,Eastern,,,ELOMA,No,,,,,,,,
EAB,W16-EB11,11,5,,,,,126958,Y,,2019-10-08 10:00,Eastern,,,ELOMA,No,,,,,,,,
ASG,W20-ASG3,3,5,,,,,126959,Y,,2019-10-08 10:00,Eastern,,,ELOMA,No,,,,,,,,
ASG,W19-ASG2,2,5,,,,,126961,Y,,2019-10-08 10:00,Eastern,,,ELOMA,No,,,,,,,,
HOW,,2,4,,,,,126987,Y,,2019-10-08 10:00,Eastern,,,ELOMA,No,,,,,,,,
EAB,W6-EB1,1,5,,,,,126996,Y,,2019-10-08 10:00,Eastern,,,ELOMA,No,,,,,,,,
CNW,,2,9,,,,,126963,Y,,2019-10-15 10:00,Eastern,,,ELOMA,No,,,,,,,,
CNW,,3,9,,,,,126968,Y,,2019-10-15 10:00,Eastern,,,ELOMA,No,,,,,,,,
CNW,,4,9,,,,,126976,Y,,2019-10-15 10:00,Eastern,,,ELOMA,No,,,,,,,,
IAM,,2,9,,,,,482002,Y,,2019-10-15 10:00,Eastern,,,ELOMA,No,,,,,,,,
IAM,,3,9,,,,,126969,Y,,2019-10-15 10:00,Eastern,,,ELOMA,No,,,,,,,,
IAM,,5,9,,,,,482000,Y,,2019-10-15 10:00,Eastern,,,ELOMA,No,,,,,,,,
TNT,,1,5,,,,,126974,Y,,2019-10-30 10:00,Eastern,,,ELOMA,No,,,,,,,,
TRR,,1,1,,,,,481190,Y,,2019-10-30 10:00,Eastern,,,ELOMA,No,,,,,,,,
PBY,,1,2,,,,,126964,Y,,2019-10-30 10:00,Eastern,,,ELOMA,No,,,,,,,,
MAM,,1,9,,,,,126997,Y,,2019-10-15 10:00,Eastern,,,ELOMA,No,,,,,,,,
MAM,,3,9,,,,,126970,Y,,2019-10-15 10:00,Eastern,,,ELOMA,No,,,,,,,,
MAM,,4,9,,,,,481253,Y,,2019-10-15 10:00,Eastern,,,ELOMA,No,,,,,,,,
HOW,,2,5,,,,,128983,Y,,2020-06-09 10:00,Eastern,,,ELOMA,No,,,,,,,,
WOL,,1,4,,,,,126999,Y,,2020-06-09 10:00,Eastern,,,ELOMA,No,,,,,,,,
LIN,,1,4,,,,,126971,Y,,2020-06-09 10:00,Eastern,,,ELOMA,No,,,,,,,,
LIN,,2,4,,,,,126990,Y,,2020-06-09 10:00,Eastern,,,ELOMA,No,,,,,,,,
LIN,,3,4,,,,,126991,Y,,2020-06-09 10:00,Eastern,,,ELOMA,No,,,,,,,,
ASG,W19-ASG2,2,6,,,,,129985,Y,,2020-06-15 10:00,Eastern,,,ELOMA,No,,,,,,,,
ASG,W18-ASG1,1,4,,,,,482001,Y,,2020-06-15 10:00,Eastern,,,ELOMA,No,,,,,,,,
ASG,W20-ASG3,3,6,,,,,128975,Y,,2020-06-15 10:00,Eastern,,,ELOMA,No,,,,,,,,
EAB,W15-EB10,10,6,,,,,126956,Y,,2020-06-15 10:00,Eastern,,,ELOMA,No,,,,,,,,
EAB,W11-EB6,6,5,,,,,126995,Y,,2020-06-15 10:00,Eastern,,,ELOMA,No,,,,,,,,
EAB,W14-EB9,9,5,,,,,482004,Y,,2020-06-15 10:00,Eastern,,,ELOMA,No,,,,,,,,
EAB,W17-EB12,12,5,,,,,126966,Y,,2020-06-15 10:00,Eastern,,,ELOMA,No,,,,,,,,
EAB,W16-EB11,11,6,,,,,128974,Y,,2020-06-15 10:00,Eastern,,,ELOMA,No,,,,,,,,
EAB,W12-EB7,7,5,,,,,126993,Y,,2020-06-15 10:00,Eastern,,,ELOMA,No,,,,,,,,
EAB,W9-EB4,4,5,,,,,481189,Y,,2020-06-15 10:00,Eastern,,,ELOMA,No,,,,,,,,
EAB,W10-EB5,5,5,,,,,126960,Y,,2020-06-15 10:00,Eastern,,,ELOMA,No,,,,,,,,
EAB,W13-EB8,8,5,,,,,481252,Y,,2020-06-15 10:00,Eastern,,,ELOMA,No,,,,,,,,
HOW,,1,4,,,,,481251,Y,,2020-06-15 10:00,Eastern,,,ELOMA,No,,,,,,,,
EAB,W8-EB3,3,5,,,,,126962,Y,,2020-06-17 10:00,Eastern,,,ELOMA,No,,,,,,,,
FDI,W5-FDI,1,5,,,,,126986,Y,,2020-06-17 10:00,Eastern,,,ELOMA,No,,,,,,,,
LPL,W23-LPL3,3,3,,,,,129986,Y,,2020-06-17 10:00,Eastern,,,ELOMA,No,,,,,,,,
LPL,W22-LPL2,2,3,,,,,126973,Y,,2020-06-17 10:00,Eastern,,,ELOMA,No,,,,,,,,
LPL,W21-LPL1,1,3,,,,,481185,Y,,2020-06-17 10:00,Eastern,,,ELOMA,No,,,,,,,,
LPT,W2-LPT,1,4,,,,,482003,Y,,2020-06-17 10:00,Eastern,,,ELOMA,No,,,,,,,,
FPT,W1-FPT,1,5,,,,,481248,Y,,2020-06-17 10:00,Eastern,,,ELOMA,No,,,,,,,,
GRI,W4-GRI2,2,5,,,,,126977,Y,,2020-06-17 10:00,Eastern,,,ELOMA,No,,,,,,,,
GRI,W3-GRI1,1,5,,,,,482005,Y,,2020-06-17 10:00,Eastern,,,ELOMA,No,,,,,,,,
EAB,W6-EB1,1,6,,,,,126965,Y,,2020-06-17 10:00,Eastern,,,ELOMA,No,,,,,,,,
EAB,W7-EB2,2,5,,,,,481188,Y,,2020-06-17 10:00,Eastern,,,ELOMA,No,,,,,,,,
IAM,,5,10,,,,,126992,Y,,2020-06-18 10:00,Eastern,,,ELOMA,No,,,,,,,,
IAM,,4,9,,,,,481186,Y,,2020-06-18 10:00,Eastern,,,ELOMA,No,,,,,,,,
IAM,,3,10,,,,,126972,Y,,2020-06-18 10:00,Eastern,,,ELOMA,No,,,,,,,,
IAM,,2,10,,,,,126967,Y,,2020-06-18 10:00,Eastern,,,ELOMA,No,,,,,,,,
MAM,,1,10,,,,,126958,Y,,2020-06-18 10:00,Eastern,,,ELOMA,No,,,,,,,,
MAM,,2,9,,,,,126998,Y,,2020-06-18 10:00,Eastern,,,ELOMA,No,,,,,,,,
MAM,,3,10,,,,,126994,Y,,2020-06-18 10:00,Eastern,,,ELOMA,No,,,,,,,,
MAM,,4,10,,,,,126987,Y,,2020-06-18 10:00,Eastern,,,ELOMA,No,,,,,,,,
TGN,,1,9,,,,,126985,Y,,2020-06-19 10:00,Eastern,,,ELOMA,No,,,,,,,,
DBG,,1,9,,,,,481254,Y,,2020-06-19 10:00,Eastern,,,ELOMA,No,,,,,,,,
LRH,,1,9,,,,,481250,Y,,2020-06-19 10:00,Eastern,,,ELOMA,No,,,,,,,,
HBY,,1,6,,,,,131935,Y,,2020-06-19 10:00,Eastern,,,ELOMA,No,,,,,,,,
HBY,,2,6,,,,,126981,Y,,2020-06-19 10:00,Eastern,,,ELOMA,No,,,,,,,,
NPR,,2,4,,,,,481187,Y,,2020-06-19 10:00,Eastern,,,ELOMA,No,,,,,,,,
NPR,,1,4,,,,,481256,Y,,2020-06-19 10:00,Eastern,,,ELOMA,No,,,,,,,,
GNR,,1,9,,,,,126979,Y,,2020-06-25 10:00,Eastern,,,ELOMA,No,,,,,,,,
GNR,,2,9,,,,,126988,Y,,2020-06-25 10:00,Eastern,,,ELOMA,No,,,,,,,,
CNW,,4,10,,,,,126957,Y,,2020-06-25 10:00,Eastern,,,ELOMA,No,,,,,,,,
CNW,,3,10,,,,,126959,Y,,2020-06-25 10:00,Eastern,,,ELOMA,No,,,,,,,,
CNW,,2,10,,,,,126961,Y,,2020-06-25 10:00,Eastern,,,ELOMA,No,,,,,,,,
CNW,,1,9,,,,,131934,Y,,2020-06-25 10:00,Eastern,,,ELOMA,No,,,,,,,,
PBY,,1,3,,,,,126976,Y,,2020-07-09 10:00,Eastern,,,ELOMA,No,,,,,,,,
TNT,,1,6,,,,,126996,Y,,2020-07-09 10:00,Eastern,,,ELOMA,No,,,,,,,,
TRR,,1,2,,,,,482000,Y,,2020-07-09 10:00,Eastern,,,ELOMA,No,,,,,,,,
TNN,,1,8,,,,,126980,Y,,2020-07-09 10:00,Eastern,,,ELOMA,No,,,,,,,,
TNN,,2,9,,,,,481255,Y,,2020-07-09 10:00,Eastern,,,ELOMA,No,,,,,,,,
MPT,,1,10,,,,,481257,Y,,2020-07-09 10:00,Eastern,,,ELOMA,No,,,,,,,,
MOR,,1,2,,,,,126984,Y,,2020-07-17 10:00,Eastern,,,ELOMA,No,,,,,,,,
CPV,W24-CPV1,1,2,,,,,126989,Y,,2020-07-21 10:00,Eastern,,,ELOMA,No,,,,,,,,
CPV,W25-CPV2,2,2,,,,,126978,Y,,2020-07-29 10:00,Eastern,,,ELOMA,No,,,,,,,,
LND,W26-LND1,1,2,,,,,126975,Y,,2020-07-29 10:00,Eastern,,,ELOMA,No,,,,,,,,
LND,W27-LND2,2,2,,,,,481249,Y,,2020-07-29 10:00,Eastern,,,ELOMA,No,,,,,,,,
MDA,,1,1,,,,,483749,Y,,2020-10-22 08:00,Eastern,,,ELOMA,No,,,,,,,,
MDA,,2,1,,,,,483750,Y,,2020-10-19 08:00,Eastern,,,ELOMA,No,,,,,,,,
MDA,,7,1,,,,,483747,Y,,2020-10-19 08:00,Eastern,,,ELOMA,No,,,,,,,,
MDA,,6,1,,,,,126984,Y,,2020-10-22 08:00,Eastern,,,ELOMA,No,,,,,,,,
MDA,,5,1,,,,,481187,Y,,2020-10-22 08:00,Eastern,,,ELOMA,No,,,,,,,,
MDA,,4,1,,,,,481255,Y,,2020-10-22 08:00,Eastern,,,ELOMA,No,,,,,,,,
MDA,,3,1,,,,,481257,Y,,2020-10-22 08:00,Eastern,,,ELOMA,No,,,,,,,,
MDA,,8,1,,,,,483746,Y,,2020-10-22 08:00,Eastern,,,ELOMA,No,,,,,,,,
MDA,,9,1,,,,,483751,Y,,2020-10-22 08:00,Eastern,,,ELOMA,No,,,,,,,,
MDA,,10,1,,,,,126996,Y,,2020-10-22 08:00,Eastern,,,ELOMA,No,,,,,,,,
MDA,,11,1,,,,,126976,Y,,2020-10-22 08:00,Eastern,,,ELOMA,No,,,,,,,,
MDA,,12,1,,,,,482003,Y,,2020-10-22 08:00,Eastern,,,ELOMA,No,,,,,,,,
MDA,,16,1,,,,,126980,Y,,2020-10-19 08:00,Eastern,,,ELOMA,No,,,,,,,,
MDA,,15,1,,,,,481254,Y,,2020-10-19 08:00,Eastern,,,ELOMA,No,,,,,,,,
MDA,,14,1,,,,,482000,Y,,2020-10-19 08:00,Eastern,,,ELOMA,No,,,,,,,,
HOW,,2,6,,,,,481190,Y,,2021-05-31 10:00,Eastern,,,ELOMA,No,,,,,,,,
IAM,,5,11,,,,,481185,Y,,2021-06-02 10:00,Eastern,,,ELOMA,No,,,,,,,,
IAM,,4,10,,,,,481188,Y,,2021-06-02 10:00,Eastern,,,ELOMA,No,,,,,,,,
IAM,,3,11,,,,,126977,Y,,2021-06-02 10:00,Eastern,,,ELOMA,No,,,,,,,,
IAM,,2,11,,,,,129986,Y,,2021-06-02 10:00,Eastern,,,ELOMA,No,,,,,,,,
IAM,,1,11,,,,,481248,Y,,2021-06-02 10:00,Eastern,,,ELOMA,No,,,,,,,,
MAM,,1,11,,,,,482005,Y,,2021-06-02 10:00,Eastern,,,ELOMA,No,,,,,,,,
MAM,,2,10,,,,,126986,Y,,2021-06-02 10:00,Eastern,,,ELOMA,No,,,,,,,,
MAM,,3,11,,,,,126973,Y,,2021-06-02 10:00,Eastern,,,ELOMA,No,,,,,,,,
MAM,,4,11,,,,,126962,Y,,2021-06-02 10:00,Eastern,,,ELOMA,No,,,,,,,,
CNW,,4,11,,,,,131935,Y,,2021-06-02 10:00,Eastern,,,ELOMA,No,,,,,,,,
CNW,,3,11,,,,,481256,Y,,2021-06-02 10:00,Eastern,,,ELOMA,No,,,,,,,,
CNW,,2,11,,,,,481186,Y,,2021-06-02 10:00,Eastern,,,ELOMA,No,,,,,,,,
CNW,,1,10,,,,,481250,Y,,2021-06-02 10:00,Eastern,,,ELOMA,No,,,,,,,,
WOL,,1,5,,,,,126974,Y,,2021-06-08 10:00,Eastern,,,ELOMA,No,,,,,,,,
LIN,,1,5,,,,,126964,Y,,2021-06-08 10:00,Eastern,,,ELOMA,No,,,,,,,,
LIN,,2,5,,,,,126969,Y,,2021-06-08 10:00,Eastern,,,ELOMA,No,,,,,,,,
LIN,,3,5,,,,,126970,Y,,2021-06-08 10:00,Eastern,,,ELOMA,No,,,,,,,,
ASG,W19-ASG2,2,7,,,,,126997,Y,,2021-06-08 10:00,Eastern,,,ELOMA,No,,,,,,,,
ASG,W18-ASG1,1,5,,,,,482002,Y,,2021-06-08 10:00,Eastern,,,ELOMA,No,,,,,,,,
ASG,W20-ASG3,3,7,,,,,126968,Y,,2021-06-08 10:00,Eastern,,,ELOMA,No,,,,,,,,
EAB,W15-EB10,10,7,,,,,481253,Y,,2021-06-08 10:00,Eastern,,,ELOMA,No,,,,,,,,
EAB,W17-EB12,12,6,,,,,128983,Y,,2021-06-09 10:00,Eastern,,,ELOMA,No,,,,,,,,
EAB,W16-EB11,11,7,,,,,126999,Y,,2021-06-09 10:00,Eastern,,,ELOMA,No,,,,,,,,
EAB,W12-EB7,7,6,,,,,126956,Y,,2021-06-09 10:00,Eastern,,,ELOMA,No,,,,,,,,
EAB,W8-EB3,3,6,,,,,129985,Y,,2021-06-09 10:00,Eastern,,,ELOMA,No,,,,,,,,
FDI,W5-FDI,1,6,,,N,,126960,Y,,2021-06-09 10:00,Eastern,,,ELOMA,No,File corrupted - no data,,,,,,,
LPL,W23-LPL3,3,4,,,,,128975,Y,,2021-06-09 10:00,Eastern,,,ELOMA,No,,,,,,,,
LPL,W22-LPL2,2,4,,,,,482001,Y,,2021-06-09 10:00,Eastern,,,ELOMA,No,,,,,,,,
LPL,W21-LPL1,1,4,,,,,482004,Y,,2021-06-09 10:00,Eastern,,,ELOMA,No,,,,,,,,
LPT,W2-LPT,1,5,,,,,481189,Y,,2021-06-09 10:00,Eastern,,,ELOMA,No,,,,,,,,
FPT,W1-FPT,1,6,,,,,483748,Y,,2021-06-09 10:00,Eastern,,,ELOMA,No,,,,,,,,
GRI,W4-GRI2,2,6,,,,,481251,Y,,2021-06-09 10:00,Eastern,,,ELOMA,No,,,,,,,,
GRI,W3-GRI1,1,6,,,,,128974,Y,,2021-06-09 10:00,Eastern,,,ELOMA,No,,,,,,,,
PBY,,1,4,,,,,126988,Y,,2021-06-11 10:00,Eastern,,,ELOMA,No,,,,,,,,
TNT,,1,7,,,,,131934,Y,,2021-06-11 10:00,Eastern,,,ELOMA,No,,,,,,,,
TRR,,1,3,,,,,126961,Y,,2021-06-11 10:00,Eastern,,,ELOMA,No,,,,,,,,
TNN,,1,9,,,,,126979,Y,,2021-06-11 10:00,Eastern,,,ELOMA,No,,,,,,,,
TNN,,2,10,,,,,126957,Y,,2021-06-11 10:00,Eastern,,,ELOMA,No,,,,,,,,
MPT,,1,11,,,,,126965,Y,,2021-06-11 10:00,Eastern,,,ELOMA,No,,,,,,,,
MOR,,1,3,,,,,126959,Y,,2021-06-11 10:00,Eastern,,,ELOMA,No,,,,,,,,
TGN,,1,10,,,,,126958,Y,,2021-06-16 10:00,Eastern,,,ELOMA,No,,,,,,,,
DBG,,1,10,,,,,126967,Y,,2021-06-16 10:00,Eastern,,,ELOMA,No,,,,,,,,
LRH,,1,10,,,,,126987,Y,,2021-06-16 10:00,Eastern,,,ELOMA,No,,,,,,,,
HBY,,1,7,,,,,126992,Y,,2021-06-16 10:00,Eastern,,,ELOMA,No,,,,,,,,
HBY,,2,7,,,,,126972,Y,,2021-06-16 10:00,Eastern,,,ELOMA,No,,,,,,,,
NPR,,2,5,,,,,126998,Y,,2021-06-16 10:00,Eastern,,,ELOMA,No,,,,,,,,
NPR,,1,5,,,,,126994,Y,,2021-06-16 10:00,Eastern,,,ELOMA,No,,,,,,,,
GNR,,1,10,,,,,126985,Y,,2021-06-16 10:00,Eastern,,,ELOMA,No,,,,,,,,
GNR,,2,10,,,,,126981,Y,,2021-06-16 10:00,Eastern,,,ELOMA,No,,,,,,,,
EAB,W11-EB6,6,6,,,,,126991,Y,,2021-07-09 10:00,Eastern,,,ELOMA,No,,,,,,,,
EAB,W9-EB4,4,6,,,,,126995,Y,,2021-07-09 10:00,Eastern,,,ELOMA,No,,,,,,,,
EAB,W14-EB9,9,6,,,,,126990,Y,,2021-07-16 10:00,Eastern,,,ELOMA,No,,,,,,,,
EAB,W10-EB5,5,6,,,,,126966,Y,,2021-07-16 10:00,Eastern,,,ELOMA,No,,,,,,,,
EAB,W13-EB8,8,6,,,,,126971,Y,,2021-07-16 10:00,Eastern,,,ELOMA,No,,,,,,,,
EAB,W6-EB1,1,7,,,,,481252,Y,,2021-07-16 10:00,Eastern,,,ELOMA,No,,,,,,,,
EAB,W7-EB2,2,6,,,,,126993,Y,,2021-07-16 10:00,Eastern,,,ELOMA,No,,,,,,,,
HOW,,1,5,,,,,126963,Y,,2021-07-23 10:00,Eastern,,,ELOMA,No,,,,,,,,
MDA,,2,2,,,,,482000,Y,,2021-10-07 10:00,Eastern,,,ELOMA,No,,,,,,,,
MDA,,7,2,,,,,483750,Y,,2021-10-06 10:00,Eastern,,,ELOMA,No,,,,,,,,
MDA,,13,1,,,,,136216,Y,,2021-10-06 10:00,Eastern,,,ELOMA,No,,,,,,,,
MDA,,18,1,,,,,136220,Y,,2021-10-07 10:00,Eastern,,,ELOMA,No,,,,,,,,
MDA,,17,1,,,,,136228,Y,,2021-10-07 10:00,Eastern,,,ELOMA,No,,,,,,,,
MDA,,16,2,,,,,483747,Y,,2021-10-07 10:00,Eastern,,,ELOMA,No,,,,,,,,
MDA,,15,2,,,,,126980,Y,,2021-10-07 10:00,Eastern,,,ELOMA,No,,,,,,,,
MDA,,14,2,,,,,481254,Y,,2021-10-07 10:00,Eastern,,,ELOMA,No,,,,,,,,
MDA,,1,2,,,,,481255,Y,,2021-10-07 10:00,Eastern,,,ELOMA,No,,,,,,,,
MDA,,3,2,,,,,483749,Y,,2021-10-06 10:00,Eastern,,,ELOMA,No,,,,,,,,
MDA,,8,2,,,,,481257,Y,,2021-10-07 10:00,Eastern,,,ELOMA,No,,,,,,,,
MDA,,9,2,,,,,483746,Y,,2021-10-06 10:00,Eastern,,,ELOMA,No,,,,,,,,
MDA,,10,2,,,,,483751,Y,,2021-10-06 10:00,Eastern,,,ELOMA,No,,,,,,,,
MDA,,11,2,,,,,126996,Y,,2021-10-06 10:00,Eastern,,,ELOMA,No,,,,,,,,
MDA,,12,2,,,,,126976,Y,,2021-10-06 10:00,Eastern,,,ELOMA,No,,,,,,,,
MDA,,6,2,,,,,482003,Y,,2021-10-06 10:00,Eastern,,,ELOMA,No,,,,,,,,
MDA,,5,2,,,,,126984,Y,,2021-10-06 10:00,Eastern,,,ELOMA,No,,,,,,,,
MDA,,4,2,,,,,481187,Y,,2021-10-06 10:00,Eastern,,,ELOMA,No,,,,,,,,
CPV,W24-CPV1,1,3,,,,,128163,Y,,2021-09-29 10:00,Eastern,,,ELOMA,No,,,,,,,,
CPV,W25-CPV2,2,3,,,,,126975,Y,,2021-09-29 10:00,Eastern,,,ELOMA,No,,,,,,,,
LND,W26-LND1,1,3,,,,,481249,Y,,2021-09-29 10:00,Eastern,,,ELOMA,No,,,,,,,,
LND,W27-LND2,2,3,,,N,,126978,Y,,2021-09-29 10:00,Eastern,,,ELOMA,No,Battery malfunction - no data,,,,,,,
SLR,,2,1,,,,,546880,Y,,2021-10-02 10:00,Eastern,,,ELOMA,No,,,,,,,,
SLR,,3,1,,,,,546066,Y,,2021-10-02 10:00,Eastern,,,ELOMA,No,,,,,,,,
SLR,,4,1,,,,,547527,Y,,2021-10-02 10:00,Eastern,,,ELOMA,No,,,,,,,,
SLR,,5,1,,,,,546873,Y,,2021-10-02 10:00,Eastern,,,ELOMA,No,,,,,,,,
SLR,,6,1,,,,,546882,Y,,2021-10-02 10:00,Eastern,,,ELOMA,No,,,,,,,,
SLR,,7,1,,,,,548271,Y,,2021-09-30 10:00,Eastern,,,ELOMA,No,,,,,,,,
SLR,,8,1,,,,,548265,Y,,2021-10-28 10:00,Eastern,,,ELOMA,No,,,,,,,,
SLR,,9,1,,,,,546876,Y,,2021-10-02 10:00,Eastern,,,ELOMA,No,,,,,,,,
SLR,,10,1,,,,,548251,Y,,2021-09-30 10:00,Eastern,,,ELOMA,No,,,,,,,,
SLR,,11,1,,,,,548275,Y,,2021-10-29 10:00,Eastern,,,ELOMA,No,,,,,,,,
SLR,,12,1,,,,,548276,Y,,2021-09-30 10:00,Eastern,,,ELOMA,No,,,,,,,,
SLR,,13,1,,,,,548262,Y,,2021-10-29 10:00,Eastern,,,ELOMA,No,,,,,,,,
SLR,,14,1,,,,,548241,Y,,2021-09-30 10:00,Eastern,,,ELOMA,No,,,,,,,,
SLR,,15,1,,,,,548254,Y,,2021-09-30 10:00,Eastern,,,ELOMA,No,,,,,,,,
SLR,,16,1,,,,,548255,Y,,2021-09-30 10:00,Eastern,,,ELOMA,No,,,,,,,,
SLR,,17,1,,,,,548253,Y,,2021-09-30 10:00,Eastern,,,ELOMA,No,,,,,,,,
SLR,,18,1,,,,,547989,Y,,2021-09-30 10:00,Eastern,,,ELOMA,No,,,,,,,,
HLD,,1,1,,,,,548280,Y,,2021-10-29 10:00,Eastern,,,ELOMA,No,,,,,,,,
HLD,,2,1,,,,,548272,Y,,2021-10-29 10:00,Eastern,,,ELOMA,No,,,,,,,,
BTC,,3,1,,,,,548273,Y,,2021-10-29 10:00,Eastern,,,ELOMA,No,,,,,,,,
IWC,,807,2,,,,,546881,Y,,2021-11-02 10:00,Eastern,,,ELOMA,No,,,,,,,,
IWC,,808,2,,,,,546065,Y,,2021-08-05 10:00,Eastern,,,ELOMA,No,,,,,,,,
SLR,,1,1,,,,,548285,Y,,2022-05-03 10:00,Eastern,,,ELOMA,No,,,,,,,,
HOW,,2,7,,,,,486583,Y,,2022-06-23 10:00,Eastern,,,ELOMA,No,,,,,,,,
IAM,,4,11,,,,,486580,Y,,2022-06-02 10:00,Eastern,,,ELOMA,No,,,,,,,,
IAM,,3,12,,,,,486585,Y,,2022-06-02 10:00,Eastern,,,ELOMA,No,,,,,,,,
IAM,,2,12,,,,,486584,Y,,2022-06-02 10:00,Eastern,,,ELOMA,No,,,,,,,,
IAM,,1,12,,,,,126973,Y,,2022-06-02 10:00,Eastern,,,ELOMA,No,,,,,,,,
MAM,,1,12,,,,,486582,Y,,2022-06-02 10:00,Eastern,,,ELOMA,No,,,,,,,,
MAM,,2,11,,,,,486579,Y,,2022-06-02 10:00,Eastern,,,ELOMA,No,,,,,,,,
MAM,,3,12,,,,,481190,Y,,2022-06-02 10:00,Eastern,,,ELOMA,No,,,,,,,,
CNW,,2,12,,,,,129986,Y,,2022-06-02 10:00,Eastern,,,ELOMA,No,,,,,,,,
CNW,,1,11,,,,,486581,Y,,2022-06-02 10:00,Eastern,,,ELOMA,No,,,,,,,,
EAB,W15-EB10,10,8,,,,,482005,Y,,2022-06-15 10:00,Eastern,,,ELOMA,No,,,,,,,,
ASG,W18-ASG1,1,6,,,,,481185,Y,,2022-06-24 10:00,Eastern,,,ELOMA,No,,,,,,,,
ASG,W19-ASG2,2,8,,,,,481188,Y,,2022-06-24 10:00,Eastern,,,ELOMA,No,,,,,,,,
ASG,W20-ASG3,3,8,,,,,481248,Y,,2022-06-24 10:00,Eastern,,,ELOMA,No,,,,,,,,
WOL,,1,6,,,,,126962,Y,,2022-06-24 10:00,Eastern,,,ELOMA,No,,,,,,,,
LIN,,1,6,,,,,126986,Y,,2022-06-24 10:00,Eastern,,,ELOMA,No,,,,,,,,
LIN,,2,6,,,,,126977,Y,,2022-06-24 10:00,Eastern,,,ELOMA,No,,,,,,,,
LIN,,3,6,,,,,131935,Y,,2022-06-24 10:00,Eastern,,,ELOMA,No,,,,,,,,
EAB,W12-EB7,7,7,,,,,481253,Y,,2022-06-15 10:00,Eastern,,,ELOMA,No,,,,,,,,
EAB,W16-EB11,11,8,,,,,482002,Y,,2022-06-15 10:00,Eastern,,,ELOMA,No,,,,,,,,
EAB,W17-EB12,12,7,,,,,481256,Y,,2022-06-15 10:00,Eastern,,,ELOMA,No,,,,,,,,
FPT,W1-FPT,1,7,,,,,126970,Y,,2022-06-14 10:00,Eastern,,,ELOMA,No,,,,,,,,
LPT,W2-LPT,1,6,,,,,126997,Y,,2022-06-14 10:00,Eastern,,,ELOMA,No,,,,,,,,
GRI,W3-GRI1,1,7,,,,,126974,Y,,2022-06-14 10:00,Eastern,,,ELOMA,No,,,,,,,,
GRI,W4-GRI2,2,7,,,,,126969,Y,,2022-06-14 10:00,Eastern,,,ELOMA,No,,,,,,,,
FDI,W5-FDI,1,7,,,,,126968,Y,,2022-06-14 10:00,Eastern,,,ELOMA,No,,,,,,,,
EAB,W8-EB3,3,7,,,,,126964,Y,,2022-06-14 10:00,Eastern,,,ELOMA,No,,,,,,,,
PBY,,1,5,,,,,128974,Y,,2022-06-09 10:00,Eastern,,,ELOMA,No,,,,,,,,
TNT,,1,8,,,,,128975,Y,,2022-06-09 10:00,Eastern,,,ELOMA,No,,,,,,,,
TRR,,1,4,,,,,126999,Y,,2022-06-09 10:00,Eastern,,,ELOMA,No,,,,,,,,
TNN,,1,10,,,,,128983,Y,,2022-06-09 10:00,Eastern,,,ELOMA,No,,,,,,,,
TNN,,2,11,,,,,481189,Y,,2022-06-09 10:00,Eastern,,,ELOMA,No,,,,,,,,
MPT,,1,12,,,,,483748,Y,,2022-06-09 10:00,Eastern,,,ELOMA,No,,,,,,,,
MOR,,1,4,,,,,126956,Y,,2022-06-09 10:00,Eastern,,,ELOMA,No,,,,,,,,
TGN,,1,11,,,,,126959,Y,,2022-06-09 10:00,Eastern,,,ELOMA,No,,,,,,,,
DBG,,1,11,,,,,126965,Y,,2022-06-09 10:00,Eastern,,,ELOMA,No,,,,,,,,
LRH,,1,11,,,,,126961,Y,,2022-06-06 10:00,Eastern,,,ELOMA,No,,,,,,,,
HBY,,1,8,,,,,126988,Y,,2022-06-06 10:00,Eastern,,,ELOMA,No,,,,,,,,
HBY,,2,8,,,,,131934,Y,,2022-06-06 10:00,Eastern,,,ELOMA,No,,,,,,,,
NPR,,2,6,,,,,129985,Y,,2022-06-06 10:00,Eastern,,,ELOMA,No,,,,,,,,
NPR,,1,6,,,,,482004,Y,,2022-06-06 10:00,Eastern,,,ELOMA,No,,,,,,,,
GNR,,1,11,,,,,126957,Y,,2022-06-06 10:00,Eastern,,,ELOMA,No,,,,,,,,
GNR,,2,11,,,,,126979,Y,,2022-06-06 10:00,Eastern,,,ELOMA,No,,,,,,,,
EAB,W11-EB6,6,7,,,,,126958,Y,,2022-06-15 10:00,Eastern,,,ELOMA,No,,,,,,,,
EAB,W9-EB4,4,7,,,,,550553,Y,,2022-06-24 10:00,Eastern,,,ELOMA,No,,,,,,,,
EAB,W10-EB5,5,7,,,,,481186,Y,,2022-06-15 10:00,Eastern,,,ELOMA,No,,,,,,,,
EAB,W13-EB8,8,7,,,,,126998,Y,,2022-06-15 10:00,Eastern,,,ELOMA,No,,,,,,,,
EAB,W14-EB9,9,7,,,,,126960,Y,,2022-06-15 10:00,Eastern,,,ELOMA,No,,,,,,,,
EAB,W6-EB1,1,8,,,,,482001,Y,,2022-06-14 10:00,Eastern,,,ELOMA,No,,,,,,,,
EAB,W7-EB2,2,7,,,,,481250,Y,,2022-06-14 10:00,Eastern,,,ELOMA,No,,,,,,,,
HOW,,1,6,,,,,481251,Y,,2022-06-23 10:00,Eastern,,,ELOMA,No,,,,,,,,
CPV,W24-CPV1,1,4,,,,,128773,Y,,2022-06-06 10:00,Eastern,,,ELOMA,No,,,,,,,,
CPV,W25-CPV2,2,4,,,,,126975,Y,,2022-06-06 10:00,Eastern,,,ELOMA,No,,,,,,,,
LND,W26-LND1,1,4,,,,,481249,Y,,2022-06-06 10:00,Eastern,,,ELOMA,No,,,,,,,,
LND,W27-LND2,2,4,,,,,126978,Y,,2022-06-06 10:00,Eastern,,,ELOMA,No,,,,,,,,
FAS,,10,1,,,,,550334,Y,,2022-09-12 10:00,Eastern,,,ELOMA,No,,,,,,,,
FAS,,7,1,,,,,550347,Y,,2022-09-12 10:00,Eastern,,,ELOMA,No,,,,,,,,
FAS,,8,1,,,,,550344,Y,,2022-09-12 10:00,Eastern,,,ELOMA,No,,,,,,,,
FAS,,11,1,,,,,550346,Y,,2022-09-12 10:00,Eastern,,,ELOMA,No,,,,,,,,
FAS,,9,1,,,,,550343,Y,,2022-09-12 10:00,Eastern,,,ELOMA,No,,,,,,,,
FAS,,4,1,,,,,550336,Y,,2022-09-29 10:00,Eastern,,,ELOMA,No,,,,,,,,
FAS,,5,1,,,,,550341,Y,,2022-09-29 10:00,Eastern,,,ELOMA,No,,,,,,,,
EHK,,1,1,,,,,550345,Y,,2022-09-29 10:00,Eastern,,,ELOMA,No,,,,,,,,
FAS,,6,1,,,,,550340,Y,,2022-09-29 10:00,Eastern,,,ELOMA,No,,,,,,,,
FAS,,3,1,,,,,550348,Y,,2022-09-29 10:00,Eastern,,,ELOMA,No,,,,,,,,
FAS,,2,1,,,,,550342,Y,,2022-09-29 10:00,Eastern,,,ELOMA,No,,,,,,,,
FAS,,1,1,,,,,550339,Y,,2022-09-29 10:00,Eastern,,,ELOMA,No,,,,,,,,
BTC,,2,1,,,,,550338,Y,,2022-10-23 10:00,Eastern,,,ELOMA,No,,,,,,,,
BTC,,1,1,,,,,550337,Y,,2022-10-23 10:00,Eastern,,,ELOMA,No,,,,,,,,
KNP,,1,1,,,,,550335,Y,,2022-09-12 10:00,Eastern,,,ELOMA,No,,,,,,,,
KNP,,2,1,,,,,550349,Y,,2022-09-12 10:00,Eastern,,,ELOMA,No,,,,,,,,
WHK,,1,1,,,,,548276,Y,,2022-10-23 10:00,Eastern,,,ELOMA,No,,,,,,,,
WHK,,2,1,,,,,548241,Y,,2022-10-23 10:00,Eastern,,,ELOMA,No,,,,,,,,
EHK,,2,1,,,,,548255,Y,,2022-10-23 10:00,Eastern,,,ELOMA,No,,,,,,,,
HLD,,1,2,,,,,548253,Y,,2022-10-23 10:00,Eastern,,,ELOMA,No,,,,,,,,
HLD,,2,2,,,,,548254,Y,,2022-10-23 10:00,Eastern,,,ELOMA,No,,,,,,,,
BTC,,3,2,,,,,548251,Y,,2022-10-23 10:00,Eastern,,,ELOMA,No,,,,,,,,
MDA,,7,3,,,,,126990,Y,,2022-10-24 10:00,Eastern,,,ELOMA,No,,,,,,,,
MDA,,13,2,,,,,126995,Y,,2022-10-24 10:00,Eastern,,,ELOMA,No,,,,,,,,
MDA,,3,3,,,,,126987,Y,,2022-10-05 10:00,Eastern,,,ELOMA,No,,,,,,,,
MDA,,9,3,,,,,126963,Y,,2022-10-05 10:00,Eastern,,,ELOMA,No,,,,,,,,
MDA,,10,3,,,,,126981,Y,,2022-10-05 10:00,Eastern,,,ELOMA,No,,,,,,,,
MDA,,11,3,,,,,481252,Y,,2022-10-05 10:00,Eastern,,,ELOMA,No,,,,,,,,
MDA,,12,3,,,,,126971,Y,,2022-10-24 10:00,Eastern,,,ELOMA,No,,,,,,,,
MDA,,6,3,,,,,126991,Y,,2022-10-24 10:00,Eastern,,,ELOMA,No,,,,,,,,
MDA,,5,3,,,,,126966,Y,,2022-10-05 10:00,Eastern,,,ELOMA,No,,,,,,,,
MDA,,4,3,,,,,126993,Y,,2022-10-05 10:00,Eastern,,,ELOMA,No,,,,,,,,
MDA,,2,3,,,,,126967,Y,,2022-10-05 10:00,Eastern,,,ELOMA,No,,,,,,,,
MDA,,18,2,,,,,483750,Y,,2022-10-24 10:00,Eastern,,,ELOMA,No,,,,,,,,
MDA,,17,2,,,,,126972,Y,,2022-10-24 10:00,Eastern,,,ELOMA,No,,,,,,,,
MDA,,16,3,,,,,126985,Y,,2022-10-05 10:00,Eastern,,,ELOMA,No,,,,,,,,
MDA,,15,3,,,,,126976,Y,,2022-10-05 10:00,Eastern,,,ELOMA,No,,,,,,,,
MDA,,14,3,,,,,126994,Y,,2022-10-05 10:00,Eastern,,,ELOMA,No,,,,,,,,
MDA,,1,3,,,,,126992,Y,,2022-10-05 10:00,Eastern,,,ELOMA,No,,,,,,,,
MDA,,8,3,,,,,483749,Y,,2022-10-05 10:00,Eastern,,,ELOMA,No,,,,,,,,
ASG,W18-ASG1,1,7,,,,,481186,Y,,2022-11-02 09:00,Eastern,,,ELOMA,No,,,,,,,,
ASG,W19-ASG2,2,9,,,,,126998,Y,,2022-11-02 09:00,Eastern,,,ELOMA,No,,,,,,,,
ASG,W20-ASG3,3,9,,,,,482002,Y,,2022-11-02 09:00,Eastern,,,ELOMA,No,,,,,,,,
LIN,,1,7,,,,,481256,Y,,2022-11-02 09:00,Eastern,,,ELOMA,No,,,,,,,,
LIN,,2,7,,,,,482005,Y,,2022-11-02 09:00,Eastern,,,ELOMA,No,,,,,,,,
LIN,,3,7,,,,,481253,Y,,2022-11-02 09:00,Eastern,,,ELOMA,No,,,,,,,,
HOW,,2,8,,,,,126960,Y,,2023-06-09 09:00,Eastern,,,ELOMA,No,,,,,,,,
IAM,,4,12,,,,,481187,Y,,2023-06-05 09:00,Eastern,,,ELOMA,No,,,,,,,,
IAM,,3,13,,,,,482000,Y,,2023-06-05 09:00,Eastern,,,ELOMA,No,,,,,,,,
IAM,,2,13,,,,,483747,Y,,2023-06-05 09:00,Eastern,,,ELOMA,No,,,,,,,,
IAM,,1,13,,,,,483746,Y,,2023-06-05 09:00,Eastern,,,ELOMA,No,,,,,,,,
MAM,,1,13,,,,,483751,Y,,2023-06-05 09:00,Eastern,,,ELOMA,No,,,,,,,,
MAM,,2,12,,,,,481254,Y,,2023-06-05 09:00,Eastern,,,ELOMA,No,,,,,,,,
MAM,,3,13,,,,,481257,Y,,2023-06-05 09:00,Eastern,,,ELOMA,No,,,,,,,,
CNW,,2,13,,,,,126980,Y,,2023-06-05 09:00,Eastern,,,ELOMA,No,,,,,,,,
CNW,,1,12,,,,,126984,Y,,2023-06-05 09:00,Eastern,,,ELOMA,No,,,,,,,,
EAB,W15-EB10,10,9,,,,,482001,Y,,2023-06-14 09:00,Eastern,,,ELOMA,No,,,,,,,,
ASG,W18-ASG1,1,8,,,,,481186,Y,,2023-06-22 09:00,Eastern,,,ELOMA,No,,,,,,,,
ASG,W19-ASG2,2,10,,,,,126998,Y,,2023-06-14 09:00,Eastern,,,ELOMA,No,,,,,,,,
ASG,W20-ASG3,3,10,,,,,482002,Y,,2023-06-14 09:00,Eastern,,,ELOMA,No,,,,,,,,
WOL,,1,7,,,,,481250,Y,,2023-06-09 09:00,Eastern,,,ELOMA,No,,,,,,,,
LIN,,1,8,,,,,481256,Y,,2023-06-09 09:00,Eastern,,,ELOMA,No,,,,,,,,
LIN,,2,8,,,,,482005,Y,,2023-06-09 09:00,Eastern,,,ELOMA,No,,,,,,,,
LIN,,3,8,,,,,481253,Y,,2023-06-09 09:00,Eastern,,,ELOMA,No,,,,,,,,
EAB,W12-EB7,7,8,,,,,126968,Y,,2023-06-16 09:00,Eastern,,,ELOMA,No,,,,,,,,
EAB,W16-EB11,11,9,,,,,126970,Y,,2023-06-22 09:00,Eastern,,,ELOMA,No,,,,,,,,
EAB,W17-EB12,12,8,,,,,126997,Y,,2023-06-22 09:00,Eastern,,,ELOMA,No,,,,,,,,
FPT,W1-FPT,1,8,,,,,486580,Y,,2023-06-16 09:00,Eastern,,,ELOMA,No,,,,,,,,
LPT,W2-LPT,1,7,,,,,126959,Y,,2023-06-16 09:00,Eastern,,,ELOMA,No,,,,,,,,
GRI,W3-GRI1,1,8,,,,,128983,Y,,2023-06-16 09:00,Eastern,,,ELOMA,No,,,,,,,,
GRI,W4-GRI2,2,8,,,,,126999,Y,,2023-06-16 09:00,Eastern,,,ELOMA,No,,,,,,,,
FDI,W5-FDI,1,8,,,,,481189,Y,,2023-06-16 09:00,Eastern,,,ELOMA,No,,,,,,,,
EAB,W8-EB3,3,8,,,,,126956,Y,,2023-06-16 09:00,Eastern,,,ELOMA,No,,,,,,,,
PBY,,1,6,,,,,486581,Y,,2023-06-05 09:00,Eastern,,,ELOMA,No,,,,,,,,
TNT,,1,9,,,,,126979,Y,,2023-05-31 09:00,Eastern,,,ELOMA,No,,,,,,,,
TRR,,1,5,,,,,126957,Y,,2023-05-31 09:00,Eastern,,,ELOMA,No,,,,,,,,
TNN,,1,11,,,,,482004,Y,,2023-05-31 09:00,Eastern,,,ELOMA,No,,,,,,,,
TNN,,2,12,,,,,126961,Y,,2023-05-31 09:00,Eastern,,,ELOMA,No,,,,,,,,
MPT,,1,13,,,,,129985,Y,,2023-05-31 09:00,Eastern,,,ELOMA,No,,,,,,,,
MOR,,1,5,,,,,126996,Y,,2023-05-31 09:00,Eastern,,,ELOMA,No,,,,,,,,
TGN,,1,12,,,,,482003,Y,,2023-05-31 09:00,Eastern,,,ELOMA,No,,,,,,,,
DBG,,1,12,,,,,131934,Y,,2023-05-31 09:00,Eastern,,,ELOMA,No,,,,,,,,
LRH,,1,12,,,,,486582,Y,,2023-06-01 09:00,Eastern,,,ELOMA,No,,,,,,,,
HBY,,1,9,,,,,129986,Y,,2023-06-01 09:00,Eastern,,,ELOMA,No,,,,,,,,
HBY,,2,9,,,,,481190,Y,,2023-06-01 09:00,Eastern,,,ELOMA,No,,,,,,,,
NPR,,2,7,,,,,481255,Y,,2023-06-01 09:00,Eastern,,,ELOMA,No,,,,,,,,
NPR,,1,7,,,,,486584,Y,,2023-06-01 09:00,Eastern,,,ELOMA,No,,,,,,,,
GNR,,1,12,,,,,486585,Y,,2023-06-01 09:00,Eastern,,,ELOMA,No,,,,,,,,
GNR,,2,12,,,,,126973,Y,,2023-06-01 09:00,Eastern,,,ELOMA,No,,,,,,,,
EAB,W11-EB6,6,8,,,,,483748,Y,,2023-06-16 09:00,Eastern,,,ELOMA,No,,,,,,,,
EAB,W10-EB5,5,8,,,,,126969,Y,,2023-06-16 09:00,Eastern,,,ELOMA,No,,,,,,,,
EAB,W13-EB8,8,8,,,,,126974,Y,,2023-06-16 09:00,Eastern,,,ELOMA,No,,,,,,,,
EAB,W14-EB9,9,8,,,,,126964,Y,,2023-06-14 09:00,Eastern,,,ELOMA,No,,,,,,,,
EAB,W6-EB1,1,9,,,,,486579,Y,,2023-06-16 09:00,Eastern,,,ELOMA,No,,,,,,,,
EAB,W7-EB2,2,8,,,,,128975,Y,,2023-06-16 09:00,Eastern,,,ELOMA,No,,,,,,,,
HOW,,1,7,,,,,126958,Y,,2023-06-09 09:00,Eastern,,,ELOMA,No,,,,,,,,
CPV,W24-CPV1,1,5,,,,,128773,Y,,2023-05-23 09:00,Eastern,,,ELOMA,No,,,,,,,,
CPV,W25-CPV2,2,5,,,,,126975,Y,,2023-05-23 09:00,Eastern,,,ELOMA,No,,,,,,,,
LND,W26-LND1,1,5,,,,,481249,Y,,2023-05-23 09:00,Eastern,,,ELOMA,No,,,,,,,,
FAS,,10,2,,,,,548272,Y,,2023-10-02 09:00,Eastern,,,ELOMA,No,,,,,,,,
FAS,,7,2,,,,,548285,Y,,2023-10-02 09:00,Eastern,,,ELOMA,No,,,,,,,,
FAS,,8,2,,,,,547989,Y,,2023-10-02 09:00,Eastern,,,ELOMA,No,,,,,,,,
FAS,,11,2,,,,,548279,Y,,2023-10-02 09:00,Eastern,,,ELOMA,No,,,,,,,,
FAS,,9,2,,,,,548273,Y,,2023-10-02 09:00,Eastern,,,ELOMA,No,,,,,,,,
FAS,,4,2,,,,,550347,Y,,2023-10-02 09:00,Eastern,,,ELOMA,No,,,,,,,,
FAS,,5,2,,,,,550346,Y,,2023-10-02 09:00,Eastern,,,ELOMA,No,,,,,,,,
EHK,,1,2,,,,,550335,Y,,2023-10-02 09:00,Eastern,,,ELOMA,No,,,,,,,,
FAS,,6,2,,,,,550349,Y,,2023-10-02 09:00,Eastern,,,ELOMA,No,,,,,,,,
FAS,,3,2,,,,,550344,Y,,2023-10-02 09:00,Eastern,,,ELOMA,No,,,,,,,,
FAS,,2,2,,,,,550334,Y,,2023-10-02 09:00,Eastern,,,ELOMA,No,,,,,,,,
FAS,,1,2,,,,,550343,Y,,2023-10-02 09:00,Eastern,,,ELOMA,No,,,,,,,,
BTC,,2,2,,,,,550348,Y,,2023-10-02 09:00,Eastern,,,ELOMA,No,,,,,,,,
BTC,,1,2,,,,,550342,Y,,2023-10-02 09:00,Eastern,,,ELOMA,No,,,,,,,,
KNP,,1,2,,,,,548280,Y,,2023-10-02 09:00,Eastern,,,ELOMA,No,,,,,,,,
KNP,,2,2,,,,,548271,Y,,2023-10-02 09:00,Eastern,,,ELOMA,No,,,,,,,,
WHK,,1,2,,,,,550340,Y,,2023-10-02 09:00,Eastern,,,ELOMA,No,,,,,,,,
WHK,,2,2,,,,,550345,Y,,2023-10-02 09:00,Eastern,,,ELOMA,No,,,,,,,,
EHK,,2,2,,,,,550339,Y,,2023-10-02 09:00,Eastern,,,ELOMA,No,,,,,,,,
HLD,,1,3,,,,,550336,Y,,2023-10-02 09:00,Eastern,,,ELOMA,No,,,,,,,,
HLD,,2,3,,,,,550341,Y,,2023-10-02 09:00,Eastern,,,ELOMA,No,,,,,,,,
BTC,,3,3,,,,,550337,Y,,2023-10-02 09:00,Eastern,,,ELOMA,No,,,,,,,,
MDA,,7,4,,,,,126976,Y,,2023-08-23 09:00,Eastern,,,ELOMA,No,,,,,,,,
MDA,,13,3,,,,,126981,Y,,2023-08-23 09:00,Eastern,,,ELOMA,No,,,,,,,,
MDA,,3,4,,,,,481248,Y,,2023-08-14 09:00,Eastern,,,ELOMA,No,,,,,,,,
MDA,,9,4,,,,,481188,Y,,2023-08-14 09:00,Eastern,,,ELOMA,No,,,,,,,,
MDA,,10,4,,,,,128974,Y,,2023-08-23 09:00,Eastern,,,ELOMA,No,,,,,,,,
MDA,,11,4,,,,,126965,Y,,2023-08-23 09:00,Eastern,,,ELOMA,No,,,,,,,,
MDA,,12,4,,,,,483749,Y,,2023-08-23 09:00,Eastern,,,ELOMA,No,,,,,,,,
MDA,,6,4,,,,,126966,Y,,2023-08-23 09:00,Eastern,,,ELOMA,No,,,,,,,,
MDA,,5,4,,,,,126988,Y,,2023-08-23 09:00,Eastern,,,ELOMA,No,,,,,,,,
MDA,,4,4,,,,,481185,Y,,2023-08-14 09:00,Eastern,,,ELOMA,No,,,,,,,,
MDA,,2,4,,,,,126977,Y,,2023-08-14 09:00,Eastern,,,ELOMA,No,,,,,,,,
MDA,,18,3,,,,,126987,Y,,2023-08-14 09:00,Eastern,,,ELOMA,No,,,,,,,,
MDA,,17,3,,,,,126994,Y,,2023-08-14 09:00,Eastern,,,ELOMA,No,,,,,,,,
MDA,,16,4,,,,,481251,Y,,2023-08-14 09:00,Eastern,,,ELOMA,No,,,,,,,,
MDA,,15,4,,,,,131935,Y,,2023-08-14 09:00,Eastern,,,ELOMA,No,,,,,,,,
MDA,,14,4,,,,,486583,Y,,2023-08-23 09:00,Eastern,,,ELOMA,No,,,,,,,,
MDA,,1,4,,,,,126962,Y,,2023-08-14 09:00,Eastern,,,ELOMA,No,,,,,,,,
MDA,,8,4,,,,,126986,Y,,2023-08-14 09:00,Eastern,,,ELOMA,No,,,,,,,,
,,,,,,,,,,,,,,,,,,,,,,,,
,,,,,,,,,,,,,,,,,,,,,,,,
,,,,,,,,,,,,,,,,,,,,,,,,
,,,,,,,,,,,,,,,,,,,,,,,,
,,,,,,,,,,,,,,,,,,,,,,,,
,,,,,,,,,,,,,,,,,,,,,,,,
